"organization","subfs_id","n"
"Aurora Water",18042,1
"Aurora Water",18486,1
"Aurora Water",18487,1
"Aurora Water",18489,1
"Aurora Water",18490,2
"Aurora Water",18491,1
"Aurora Water",18588,2
"Aurora Water",18590,1
"Aurora Water",18591,1
"Aurora Water",18593,1
"Aurora Water",18594,2
"Aurora Water",18595,1
"Aurora Water",19065,2
"Aurora Water",19068,1
"Aurora Water",19069,1
"Aurora Water",19070,1
"Aurora Water",19071,2
"Aurora Water",19073,2
"Aurora Water",19074,2
"Aurora Water",19075,1
"Aurora Water",19126,2
"Aurora Water",19127,1
"Aurora Water",19128,1
"Aurora Water",19130,2
"Aurora Water",19131,1
"Aurora Water",19132,2
"Aurora Water",19136,1
"Aurora Water",19484,1
"Aurora Water",19485,1
"Aurora Water",19685,1
"Aurora Water",19689,1
"Big Thompson Watershed Coalition",16369,1
"Big Thompson Watershed Coalition",16370,1
"Big Thompson Watershed Coalition",16372,4
"Big Thompson Watershed Coalition",16694,2
"Big Thompson Watershed Coalition",16695,4
"Big Thompson Watershed Coalition",16697,6
"Big Thompson Watershed Coalition",16698,6
"Big Thompson Watershed Coalition",16701,2
"Big Thompson Watershed Coalition",16726,1
"Boulder County",16701,1
"Boulder County",16704,2
"Boulder County",17384,4
"Boulder County",17386,5
"Boulder County",17387,2
"Boulder County",17388,5
"Boulder County",17389,3
"Boulder County",17390,2
"Boulder County",17391,1
"Boulder County",17392,3
"Boulder County",17393,4
"Boulder County",17394,3
"Boulder County",17395,1
"Boulder County",17396,2
"Boulder County",17528,1
"Boulder County",17529,1
"Boulder County",17717,1
"Boulder County",17719,1
"Boulder County",17734,1
"Boulder County Fire Protection Districts",17393,1
"Boulder County Fireshed",17386,2
"Boulder County Fireshed",17387,2
"Boulder County Fireshed",17388,2
"Boulder County Fireshed",17389,5
"Boulder County Fireshed",17390,4
"Boulder County Fireshed",17391,3
"Boulder County Fireshed",17392,4
"Boulder County Fireshed",17393,4
"Boulder County Fireshed",17394,6
"Boulder County Fireshed",17395,2
"Boulder County Fireshed",17396,4
"Boulder County Fireshed",17421,1
"Boulder County Fireshed",17427,1
"Boulder County Fireshed",17528,1
"Boulder County Fireshed",17529,2
"Boulder County Fireshed",17717,3
"Boulder County Fireshed",17719,2
"Boulder County Fireshed",17720,1
"Boulder County Fireshed",17721,2
"Boulder County Fireshed",17734,2
"Boulder County Fireshed",17735,1
"Boulder County Fireshed: Boulder Wildfire Partners, Boulder Watershed Collective, Boulder Fire Rescue",17389,1
"Boulder County Fireshed: Boulder Wildfire Partners, Boulder Watershed Collective, Boulder Fire Rescue",17393,2
"Boulder County Fireshed: Boulder Wildfire Partners, Boulder Watershed Collective, Boulder Fire Rescue",17394,2
"Boulder County Fireshed: Boulder Wildfire Partners, Boulder Watershed Collective, Boulder Fire Rescue",17717,1
"Boulder County Wildfire Partners",16703,1
"Boulder County Wildfire Partners",16704,2
"Boulder County Wildfire Partners",17384,2
"Boulder County Wildfire Partners",17385,1
"Boulder County Wildfire Partners",17386,6
"Boulder County Wildfire Partners",17387,4
"Boulder County Wildfire Partners",17388,4
"Boulder County Wildfire Partners",17389,5
"Boulder County Wildfire Partners",17390,3
"Boulder County Wildfire Partners",17391,3
"Boulder County Wildfire Partners",17392,5
"Boulder County Wildfire Partners",17393,5
"Boulder County Wildfire Partners",17394,4
"Boulder County Wildfire Partners",17395,2
"Boulder County Wildfire Partners",17396,4
"Boulder County Wildfire Partners",17418,1
"Boulder County Wildfire Partners",17528,2
"Boulder County Wildfire Partners",17529,1
"Boulder County Wildfire Partners",17717,2
"Boulder County Wildfire Partners",17719,2
"Boulder County Wildfire Partners",17721,1
"Boulder County Wildfire Partners",17734,1
"Boulder Valley and Longmont Conservation District",16704,1
"Boulder Valley and Longmont Conservation District",16733,1
"Boulder Valley and Longmont Conservation District",17385,2
"Boulder Valley and Longmont Conservation District",17386,1
"Boulder Valley and Longmont Conservation District",17388,3
"Boulder Valley and Longmont Conservation District",17391,7
"Boulder Valley and Longmont Conservation District",17392,2
"Boulder Valley and Longmont Conservation District",17395,2
"Boulder Valley and Longmont Conservation District",17396,2
"Boulder Valley and Longmont Conservation District",17418,6
"Boulder Valley and Longmont Conservation District",17421,2
"Boulder Valley and Longmont Conservation District",17719,2
"Boulder Valley and Longmont Conservation District",17734,3
"Boulder Valley and Longmont Conservation District",17735,1
"Boulder Valley and Longmont Conservation Districts",16704,1
"Boulder Valley and Longmont Conservation Districts",16733,2
"Boulder Valley and Longmont Conservation Districts",17384,2
"Boulder Valley and Longmont Conservation Districts",17385,2
"Boulder Valley and Longmont Conservation Districts",17386,1
"Boulder Valley and Longmont Conservation Districts",17391,4
"Boulder Valley and Longmont Conservation Districts",17392,2
"Boulder Valley and Longmont Conservation Districts",17418,2
"Boulder Valley and Longmont Conservation Districts",17734,1
"Boulder Valley and Longmont Conservation Districts",17735,3
"City Parks: Denver Mountain Parks, Ft Collins Natural Areas",17723,2
"City Parks: Denver Mountain Parks, Ft Collins Natural Areas",17740,1
"City Parks: Denver Mountain Parks, Ft Collins Natural Areas",18585,1
"City Parks: Denver Mountain Parks, Ft Collins Natural Areas",18586,4
"City Parks: Denver Mountain Parks, Ft Collins Natural Areas",18587,3
"City of Boulder",17393,6
"City of Boulder",17717,3
"City of Fort Collins, CO",15564,1
"City of Fort Collins, CO",16006,2
"City of Fort Collins, CO",16007,2
"City of Fort Collins, CO",16009,1
"City of Fort Collins, CO",16218,1
"City of Fort Collins, CO",16219,1
"City of Fort Collins, CO",16222,3
"City of Fort Collins, CO",16361,2
"City of Fort Collins, CO",16364,2
"City of Fort Collins, CO",16365,1
"City of Fort Collins, CO",16366,5
"City of Fort Collins, CO",16367,6
"City of Fort Collins, CO",16368,8
"City of Fort Collins, CO",16369,4
"City of Fort Collins, CO",16370,5
"City of Fort Collins, CO",16371,4
"City of Fort Collins, CO",16724,1
"City of Golden",17736,1
"City of Golden",17740,1
"City of Golden",17741,2
"City of Greeley",15564,2
"City of Greeley",16007,7
"City of Greeley",16222,1
"City of Greeley",16361,2
"City of Greeley",16364,2
"City of Greeley",16365,1
"City of Greeley",16366,5
"City of Greeley",16367,6
"City of Greeley",16368,3
"City of Greeley",16369,6
"City of Greeley",16370,2
"City of Greeley",16371,5
"City of Greeley",16695,1
"City of Greeley",16696,2
"City of Greeley",16700,1
"City of Greeley",16702,3
"City of Loveland, CO",16697,1
"City of Loveland, CO",16698,2
"City of Loveland, CO",16701,1
"City of Loveland, CO",16726,1
"Clear Creek Fire Authority",17736,1
"Clear Creek Fire Authority",17738,1
"Clear Creek Fire Authority",17740,1
"Clear Creek Fire Authority",17741,1
"Coalition For the Upper South Platte",17740,1
"Coalition For the Upper South Platte",18490,1
"Coalition For the Upper South Platte",18584,1
"Coalition For the Upper South Platte",18586,1
"Coalition For the Upper South Platte",18587,1
"Coalition For the Upper South Platte",18589,1
"Coalition For the Upper South Platte",18595,1
"Coalition For the Upper South Platte",18612,1
"Coalition For the Upper South Platte",18615,1
"Coalition For the Upper South Platte",19064,1
"Coalition For the Upper South Platte",19066,1
"Coalition For the Upper South Platte",19068,1
"Coalition For the Upper South Platte",19070,1
"Coalition For the Upper South Platte",19073,1
"Coalition For the Upper South Platte",19074,1
"Coalition For the Upper South Platte",19075,1
"Coalition For the Upper South Platte",19125,1
"Coalition For the Upper South Platte",19126,1
"Coalition For the Upper South Platte",19127,1
"Coalition For the Upper South Platte",19128,1
"Coalition For the Upper South Platte",19129,1
"Coalition For the Upper South Platte",19130,1
"Coalition For the Upper South Platte",19133,1
"Coalition For the Upper South Platte",19134,1
"Coalition For the Upper South Platte",19135,1
"Coalition For the Upper South Platte",19502,2
"Coalition For the Upper South Platte",19503,2
"Coalition For the Upper South Platte",19504,3
"Coalition For the Upper South Platte",19505,2
"Coalition For the Upper South Platte",19506,1
"Coalition For the Upper South Platte",19507,2
"Coalition For the Upper South Platte",19508,1
"Coalition For the Upper South Platte",19509,1
"Coalition For the Upper South Platte",19510,2
"Coalition For the Upper South Platte",19684,1
"Coalition For the Upper South Platte",19685,1
"Coalition For the Upper South Platte",19686,2
"Coalition For the Upper South Platte",19687,2
"Coalition For the Upper South Platte",19688,1
"Coalition For the Upper South Platte",19690,1
"Coalition For the Upper South Platte",19691,1
"Coalition For the Upper South Platte",20259,1
"Coalition for the Poudre River Watershed",15501,4
"Coalition for the Poudre River Watershed",15502,4
"Coalition for the Poudre River Watershed",15503,5
"Coalition for the Poudre River Watershed",15504,2
"Coalition for the Poudre River Watershed",15505,6
"Coalition for the Poudre River Watershed",15506,7
"Coalition for the Poudre River Watershed",15562,2
"Coalition for the Poudre River Watershed",15563,2
"Coalition for the Poudre River Watershed",15564,2
"Coalition for the Poudre River Watershed",15665,1
"Coalition for the Poudre River Watershed",15670,1
"Coalition for the Poudre River Watershed",16002,5
"Coalition for the Poudre River Watershed",16003,7
"Coalition for the Poudre River Watershed",16006,7
"Coalition for the Poudre River Watershed",16007,8
"Coalition for the Poudre River Watershed",16009,5
"Coalition for the Poudre River Watershed",16218,3
"Coalition for the Poudre River Watershed",16219,2
"Coalition for the Poudre River Watershed",16222,8
"Coalition for the Poudre River Watershed",16224,4
"Coalition for the Poudre River Watershed",16361,3
"Coalition for the Poudre River Watershed",16362,6
"Coalition for the Poudre River Watershed",16363,8
"Coalition for the Poudre River Watershed",16364,6
"Coalition for the Poudre River Watershed",16365,12
"Coalition for the Poudre River Watershed",16366,11
"Coalition for the Poudre River Watershed",16367,11
"Coalition for the Poudre River Watershed",16368,8
"Coalition for the Poudre River Watershed",16369,11
"Coalition for the Poudre River Watershed",16370,11
"Coalition for the Poudre River Watershed",16371,13
"Coalition for the Poudre River Watershed",16372,7
"Coalition for the Poudre River Watershed",16694,7
"Coalition for the Poudre River Watershed",16695,4
"Coalition for the Poudre River Watershed",16696,2
"Coalition for the Poudre River Watershed",16697,2
"Coalition for the Poudre River Watershed",16698,1
"Coalition for the Poudre River Watershed",16724,4
"Coalition for the Poudre River Watershed",16769,1
"Coalitions and Collaboratives",17723,1
"Coalitions and Collaboratives",17724,1
"Coalitions and Collaboratives",17740,1
"Coalitions and Collaboratives",18037,1
"Coalitions and Collaboratives",18040,2
"Coalitions and Collaboratives",18041,2
"Coalitions and Collaboratives",18042,5
"Coalitions and Collaboratives",18485,3
"Coalitions and Collaboratives",18486,4
"Coalitions and Collaboratives",18487,4
"Coalitions and Collaboratives",18488,3
"Coalitions and Collaboratives",18489,5
"Coalitions and Collaboratives",18490,6
"Coalitions and Collaboratives",18491,3
"Coalitions and Collaboratives",18493,5
"Coalitions and Collaboratives",18584,3
"Coalitions and Collaboratives",18585,4
"Coalitions and Collaboratives",18586,3
"Coalitions and Collaboratives",18587,6
"Coalitions and Collaboratives",18588,6
"Coalitions and Collaboratives",18589,4
"Coalitions and Collaboratives",18590,6
"Coalitions and Collaboratives",18591,6
"Coalitions and Collaboratives",18592,5
"Coalitions and Collaboratives",18593,5
"Coalitions and Collaboratives",18594,5
"Coalitions and Collaboratives",18595,4
"Coalitions and Collaboratives",18606,1
"Coalitions and Collaboratives",18608,2
"Coalitions and Collaboratives",18609,4
"Coalitions and Collaboratives",18610,2
"Coalitions and Collaboratives",18612,6
"Coalitions and Collaboratives",18613,4
"Coalitions and Collaboratives",18614,2
"Coalitions and Collaboratives",18615,3
"Coalitions and Collaboratives",18629,3
"Coalitions and Collaboratives",18632,1
"Coalitions and Collaboratives",19064,3
"Coalitions and Collaboratives",19065,5
"Coalitions and Collaboratives",19066,4
"Coalitions and Collaboratives",19067,2
"Coalitions and Collaboratives",19068,4
"Coalitions and Collaboratives",19069,3
"Coalitions and Collaboratives",19070,3
"Coalitions and Collaboratives",19071,3
"Coalitions and Collaboratives",19072,1
"Coalitions and Collaboratives",19073,2
"Coalitions and Collaboratives",19074,3
"Coalitions and Collaboratives",19075,4
"Coalitions and Collaboratives",19115,3
"Coalitions and Collaboratives",19118,3
"Coalitions and Collaboratives",19122,2
"Coalitions and Collaboratives",19125,1
"Coalitions and Collaboratives",19126,7
"Coalitions and Collaboratives",19127,6
"Coalitions and Collaboratives",19128,6
"Coalitions and Collaboratives",19129,6
"Coalitions and Collaboratives",19130,6
"Coalitions and Collaboratives",19131,4
"Coalitions and Collaboratives",19132,3
"Coalitions and Collaboratives",19133,3
"Coalitions and Collaboratives",19134,5
"Coalitions and Collaboratives",19135,3
"Coalitions and Collaboratives",19136,3
"Coalitions and Collaboratives",19484,1
"Coalitions and Collaboratives",19485,3
"Coalitions and Collaboratives",19486,1
"Coalitions and Collaboratives",19488,2
"Coalitions and Collaboratives",19491,1
"Coalitions and Collaboratives",19502,3
"Coalitions and Collaboratives",19503,5
"Coalitions and Collaboratives",19504,4
"Coalitions and Collaboratives",19505,3
"Coalitions and Collaboratives",19506,4
"Coalitions and Collaboratives",19507,1
"Coalitions and Collaboratives",19508,3
"Coalitions and Collaboratives",19509,1
"Coalitions and Collaboratives",19510,3
"Coalitions and Collaboratives",19511,5
"Coalitions and Collaboratives",19512,2
"Coalitions and Collaboratives",19684,3
"Coalitions and Collaboratives",19685,4
"Coalitions and Collaboratives",19686,4
"Coalitions and Collaboratives",19687,5
"Coalitions and Collaboratives",19688,4
"Coalitions and Collaboratives",19689,3
"Coalitions and Collaboratives",19690,4
"Coalitions and Collaboratives",19691,4
"Coalitions and Collaboratives",19692,3
"Coalitions and Collaboratives",19693,3
"Coalitions and Collaboratives",19975,1
"Coalitions and Collaboratives",19978,2
"Coalitions and Collaboratives",20065,2
"Coalitions and Collaboratives",20067,2
"Coalitions and Collaboratives",20071,2
"Coalitions and Collaboratives",20073,1
"Coalitions and Collaboratives",20259,4
"Coalitions and Collaboratives",20260,4
"Coalitions and Collaboratives",20261,4
"Coalitions and Collaboratives",20262,4
"Coalitions and Collaboratives",20263,4
"Coalitions and Collaboratives",20264,4
"Coalitions and Collaboratives",20265,3
"Coalitions and Collaboratives",20266,4
"Coalitions and Collaboratives",20267,4
"Coalitions and Collaboratives",20268,3
"Coalitions and Collaboratives",20269,2
"Coalitions and Collaboratives",20270,2
"Coalitions and Collaboratives",20748,1
"Coalitions and Collaboratives",20749,2
"Coalitions and Collaboratives",20752,1
"Colorado Division of Fire Prevention and Control",15501,1
"Colorado Division of Fire Prevention and Control",15503,1
"Colorado Division of Fire Prevention and Control",15505,1
"Colorado Division of Fire Prevention and Control",15506,3
"Colorado Division of Fire Prevention and Control",16003,2
"Colorado Division of Fire Prevention and Control",16006,1
"Colorado Division of Fire Prevention and Control",16007,1
"Colorado Division of Fire Prevention and Control",16218,1
"Colorado Division of Fire Prevention and Control",16222,2
"Colorado Division of Fire Prevention and Control",16224,3
"Colorado Division of Fire Prevention and Control",16361,1
"Colorado Division of Fire Prevention and Control",16362,2
"Colorado Division of Fire Prevention and Control",16363,3
"Colorado Division of Fire Prevention and Control",16364,1
"Colorado Division of Fire Prevention and Control",16365,3
"Colorado Division of Fire Prevention and Control",16366,1
"Colorado Division of Fire Prevention and Control",16367,2
"Colorado Division of Fire Prevention and Control",16368,2
"Colorado Division of Fire Prevention and Control",16369,1
"Colorado Division of Fire Prevention and Control",16370,2
"Colorado Division of Fire Prevention and Control",16371,1
"Colorado Division of Fire Prevention and Control",16694,3
"Colorado Division of Fire Prevention and Control",16695,2
"Colorado Division of Fire Prevention and Control",16696,2
"Colorado Division of Fire Prevention and Control",16697,2
"Colorado Division of Fire Prevention and Control",16700,3
"Colorado Division of Fire Prevention and Control",16701,1
"Colorado Division of Fire Prevention and Control",16702,2
"Colorado Division of Fire Prevention and Control",16703,2
"Colorado Division of Fire Prevention and Control",16704,4
"Colorado Division of Fire Prevention and Control",16769,2
"Colorado Division of Fire Prevention and Control",17384,2
"Colorado Division of Fire Prevention and Control",17386,3
"Colorado Division of Fire Prevention and Control",17387,3
"Colorado Division of Fire Prevention and Control",17388,1
"Colorado Division of Fire Prevention and Control",17389,4
"Colorado Division of Fire Prevention and Control",17390,2
"Colorado Division of Fire Prevention and Control",17391,1
"Colorado Division of Fire Prevention and Control",17392,3
"Colorado Division of Fire Prevention and Control",17393,3
"Colorado Division of Fire Prevention and Control",17394,2
"Colorado Division of Fire Prevention and Control",17395,2
"Colorado Division of Fire Prevention and Control",17396,3
"Colorado Division of Fire Prevention and Control",17528,1
"Colorado Division of Fire Prevention and Control",17529,1
"Colorado Division of Fire Prevention and Control",17717,1
"Colorado Division of Fire Prevention and Control",17719,3
"Colorado Division of Fire Prevention and Control",17720,1
"Colorado Division of Fire Prevention and Control",17734,2
"Colorado Division of Fire Prevention and Control",17735,1
"Colorado Division of Fire Prevention and Control",17736,1
"Colorado Forest Restoration Institute",15499,1
"Colorado Forest Restoration Institute",15501,7
"Colorado Forest Restoration Institute",15502,4
"Colorado Forest Restoration Institute",15503,7
"Colorado Forest Restoration Institute",15504,5
"Colorado Forest Restoration Institute",15505,10
"Colorado Forest Restoration Institute",15506,12
"Colorado Forest Restoration Institute",15562,3
"Colorado Forest Restoration Institute",15563,2
"Colorado Forest Restoration Institute",15564,5
"Colorado Forest Restoration Institute",15665,3
"Colorado Forest Restoration Institute",15670,3
"Colorado Forest Restoration Institute",16002,8
"Colorado Forest Restoration Institute",16003,9
"Colorado Forest Restoration Institute",16006,5
"Colorado Forest Restoration Institute",16007,11
"Colorado Forest Restoration Institute",16009,2
"Colorado Forest Restoration Institute",16218,5
"Colorado Forest Restoration Institute",16219,1
"Colorado Forest Restoration Institute",16222,7
"Colorado Forest Restoration Institute",16224,3
"Colorado Forest Restoration Institute",16361,10
"Colorado Forest Restoration Institute",16362,12
"Colorado Forest Restoration Institute",16363,17
"Colorado Forest Restoration Institute",16364,9
"Colorado Forest Restoration Institute",16365,18
"Colorado Forest Restoration Institute",16366,15
"Colorado Forest Restoration Institute",16367,14
"Colorado Forest Restoration Institute",16368,10
"Colorado Forest Restoration Institute",16369,16
"Colorado Forest Restoration Institute",16370,11
"Colorado Forest Restoration Institute",16371,9
"Colorado Forest Restoration Institute",16372,10
"Colorado Forest Restoration Institute",16694,8
"Colorado Forest Restoration Institute",16695,13
"Colorado Forest Restoration Institute",16696,9
"Colorado Forest Restoration Institute",16697,14
"Colorado Forest Restoration Institute",16698,11
"Colorado Forest Restoration Institute",16699,8
"Colorado Forest Restoration Institute",16700,13
"Colorado Forest Restoration Institute",16701,16
"Colorado Forest Restoration Institute",16702,6
"Colorado Forest Restoration Institute",16703,8
"Colorado Forest Restoration Institute",16704,13
"Colorado Forest Restoration Institute",16724,5
"Colorado Forest Restoration Institute",16726,6
"Colorado Forest Restoration Institute",16730,4
"Colorado Forest Restoration Institute",16733,4
"Colorado Forest Restoration Institute",16769,2
"Colorado Forest Restoration Institute",17384,14
"Colorado Forest Restoration Institute",17385,8
"Colorado Forest Restoration Institute",17386,17
"Colorado Forest Restoration Institute",17387,11
"Colorado Forest Restoration Institute",17388,13
"Colorado Forest Restoration Institute",17389,11
"Colorado Forest Restoration Institute",17390,6
"Colorado Forest Restoration Institute",17391,11
"Colorado Forest Restoration Institute",17392,15
"Colorado Forest Restoration Institute",17393,8
"Colorado Forest Restoration Institute",17394,5
"Colorado Forest Restoration Institute",17395,10
"Colorado Forest Restoration Institute",17396,14
"Colorado Forest Restoration Institute",17418,9
"Colorado Forest Restoration Institute",17421,3
"Colorado Forest Restoration Institute",17427,5
"Colorado Forest Restoration Institute",17428,5
"Colorado Forest Restoration Institute",17528,4
"Colorado Forest Restoration Institute",17529,2
"Colorado Forest Restoration Institute",17717,6
"Colorado Forest Restoration Institute",17719,13
"Colorado Forest Restoration Institute",17720,11
"Colorado Forest Restoration Institute",17721,5
"Colorado Forest Restoration Institute",17723,12
"Colorado Forest Restoration Institute",17724,5
"Colorado Forest Restoration Institute",17734,11
"Colorado Forest Restoration Institute",17735,11
"Colorado Forest Restoration Institute",17736,12
"Colorado Forest Restoration Institute",17737,5
"Colorado Forest Restoration Institute",17738,7
"Colorado Forest Restoration Institute",17739,10
"Colorado Forest Restoration Institute",17740,11
"Colorado Forest Restoration Institute",17741,4
"Colorado Forest Restoration Institute",17802,2
"Colorado Forest Restoration Institute",18037,2
"Colorado Forest Restoration Institute",18040,3
"Colorado Forest Restoration Institute",18041,4
"Colorado Forest Restoration Institute",18042,6
"Colorado Forest Restoration Institute",18485,6
"Colorado Forest Restoration Institute",18486,6
"Colorado Forest Restoration Institute",18487,4
"Colorado Forest Restoration Institute",18488,1
"Colorado Forest Restoration Institute",18489,5
"Colorado Forest Restoration Institute",18490,7
"Colorado Forest Restoration Institute",18491,2
"Colorado Forest Restoration Institute",18493,5
"Colorado Forest Restoration Institute",18584,10
"Colorado Forest Restoration Institute",18585,8
"Colorado Forest Restoration Institute",18586,13
"Colorado Forest Restoration Institute",18587,14
"Colorado Forest Restoration Institute",18588,11
"Colorado Forest Restoration Institute",18589,13
"Colorado Forest Restoration Institute",18590,16
"Colorado Forest Restoration Institute",18591,13
"Colorado Forest Restoration Institute",18592,11
"Colorado Forest Restoration Institute",18593,12
"Colorado Forest Restoration Institute",18594,13
"Colorado Forest Restoration Institute",18595,11
"Colorado Forest Restoration Institute",18606,4
"Colorado Forest Restoration Institute",18608,7
"Colorado Forest Restoration Institute",18609,6
"Colorado Forest Restoration Institute",18610,3
"Colorado Forest Restoration Institute",18611,2
"Colorado Forest Restoration Institute",18612,11
"Colorado Forest Restoration Institute",18613,10
"Colorado Forest Restoration Institute",18614,4
"Colorado Forest Restoration Institute",18615,9
"Colorado Forest Restoration Institute",18629,4
"Colorado Forest Restoration Institute",18632,3
"Colorado Forest Restoration Institute",19064,10
"Colorado Forest Restoration Institute",19065,7
"Colorado Forest Restoration Institute",19066,8
"Colorado Forest Restoration Institute",19067,5
"Colorado Forest Restoration Institute",19068,12
"Colorado Forest Restoration Institute",19069,4
"Colorado Forest Restoration Institute",19070,8
"Colorado Forest Restoration Institute",19071,10
"Colorado Forest Restoration Institute",19072,1
"Colorado Forest Restoration Institute",19073,7
"Colorado Forest Restoration Institute",19074,6
"Colorado Forest Restoration Institute",19075,8
"Colorado Forest Restoration Institute",19115,2
"Colorado Forest Restoration Institute",19118,3
"Colorado Forest Restoration Institute",19122,2
"Colorado Forest Restoration Institute",19125,1
"Colorado Forest Restoration Institute",19126,11
"Colorado Forest Restoration Institute",19127,8
"Colorado Forest Restoration Institute",19128,10
"Colorado Forest Restoration Institute",19129,7
"Colorado Forest Restoration Institute",19130,12
"Colorado Forest Restoration Institute",19131,11
"Colorado Forest Restoration Institute",19132,13
"Colorado Forest Restoration Institute",19133,5
"Colorado Forest Restoration Institute",19134,9
"Colorado Forest Restoration Institute",19135,11
"Colorado Forest Restoration Institute",19136,10
"Colorado Forest Restoration Institute",19484,4
"Colorado Forest Restoration Institute",19485,3
"Colorado Forest Restoration Institute",19486,1
"Colorado Forest Restoration Institute",19488,2
"Colorado Forest Restoration Institute",19491,1
"Colorado Forest Restoration Institute",19502,2
"Colorado Forest Restoration Institute",19503,7
"Colorado Forest Restoration Institute",19504,5
"Colorado Forest Restoration Institute",19505,8
"Colorado Forest Restoration Institute",19506,11
"Colorado Forest Restoration Institute",19507,2
"Colorado Forest Restoration Institute",19508,9
"Colorado Forest Restoration Institute",19509,5
"Colorado Forest Restoration Institute",19510,9
"Colorado Forest Restoration Institute",19511,7
"Colorado Forest Restoration Institute",19512,5
"Colorado Forest Restoration Institute",19684,8
"Colorado Forest Restoration Institute",19685,6
"Colorado Forest Restoration Institute",19686,9
"Colorado Forest Restoration Institute",19687,9
"Colorado Forest Restoration Institute",19688,12
"Colorado Forest Restoration Institute",19689,5
"Colorado Forest Restoration Institute",19690,7
"Colorado Forest Restoration Institute",19691,7
"Colorado Forest Restoration Institute",19692,6
"Colorado Forest Restoration Institute",19693,4
"Colorado Forest Restoration Institute",19975,3
"Colorado Forest Restoration Institute",19978,2
"Colorado Forest Restoration Institute",20065,2
"Colorado Forest Restoration Institute",20067,3
"Colorado Forest Restoration Institute",20071,2
"Colorado Forest Restoration Institute",20259,6
"Colorado Forest Restoration Institute",20260,4
"Colorado Forest Restoration Institute",20261,6
"Colorado Forest Restoration Institute",20262,5
"Colorado Forest Restoration Institute",20263,5
"Colorado Forest Restoration Institute",20264,4
"Colorado Forest Restoration Institute",20265,3
"Colorado Forest Restoration Institute",20266,5
"Colorado Forest Restoration Institute",20267,4
"Colorado Forest Restoration Institute",20268,3
"Colorado Forest Restoration Institute",20269,2
"Colorado Forest Restoration Institute",20270,3
"Colorado Forest Restoration Institute",20748,1
"Colorado Forest Restoration Institute",20749,2
"Colorado Forest Restoration Institute",20752,1
"Colorado Parks & Wildlife",16222,1
"Colorado Parks & Wildlife",16224,1
"Colorado Parks & Wildlife",16694,1
"Colorado Parks & Wildlife",17719,1
"Colorado Parks & Wildlife",17720,1
"Colorado Parks & Wildlife",17734,1
"Colorado Parks & Wildlife",18587,1
"Colorado Parks & Wildlife",18589,1
"Colorado Parks & Wildlife",18590,1
"Colorado Parks & Wildlife",18593,1
"Colorado Parks & Wildlife",19978,1
"Colorado State Forest Service - Boulder Field Office",16703,2
"Colorado State Forest Service - Boulder Field Office",16704,3
"Colorado State Forest Service - Boulder Field Office",16733,1
"Colorado State Forest Service - Boulder Field Office",17384,3
"Colorado State Forest Service - Boulder Field Office",17385,1
"Colorado State Forest Service - Boulder Field Office",17386,8
"Colorado State Forest Service - Boulder Field Office",17387,4
"Colorado State Forest Service - Boulder Field Office",17388,6
"Colorado State Forest Service - Boulder Field Office",17389,8
"Colorado State Forest Service - Boulder Field Office",17390,5
"Colorado State Forest Service - Boulder Field Office",17391,5
"Colorado State Forest Service - Boulder Field Office",17392,7
"Colorado State Forest Service - Boulder Field Office",17393,6
"Colorado State Forest Service - Boulder Field Office",17394,5
"Colorado State Forest Service - Boulder Field Office",17395,3
"Colorado State Forest Service - Boulder Field Office",17396,6
"Colorado State Forest Service - Boulder Field Office",17418,2
"Colorado State Forest Service - Boulder Field Office",17421,2
"Colorado State Forest Service - Boulder Field Office",17427,2
"Colorado State Forest Service - Boulder Field Office",17428,2
"Colorado State Forest Service - Boulder Field Office",17528,4
"Colorado State Forest Service - Boulder Field Office",17529,2
"Colorado State Forest Service - Boulder Field Office",17717,4
"Colorado State Forest Service - Boulder Field Office",17719,7
"Colorado State Forest Service - Boulder Field Office",17720,6
"Colorado State Forest Service - Boulder Field Office",17721,3
"Colorado State Forest Service - Boulder Field Office",17723,1
"Colorado State Forest Service - Boulder Field Office",17734,7
"Colorado State Forest Service - Boulder Field Office",17735,4
"Colorado State Forest Service - Boulder Field Office",17736,4
"Colorado State Forest Service - Boulder Field Office",17738,1
"Colorado State Forest Service - Boulder Field Office",17740,1
"Colorado State Forest Service - Fort Collins Field Office",15499,2
"Colorado State Forest Service - Fort Collins Field Office",15501,2
"Colorado State Forest Service - Fort Collins Field Office",15502,3
"Colorado State Forest Service - Fort Collins Field Office",15503,2
"Colorado State Forest Service - Fort Collins Field Office",15504,4
"Colorado State Forest Service - Fort Collins Field Office",15505,6
"Colorado State Forest Service - Fort Collins Field Office",15506,6
"Colorado State Forest Service - Fort Collins Field Office",15562,1
"Colorado State Forest Service - Fort Collins Field Office",15563,2
"Colorado State Forest Service - Fort Collins Field Office",15564,4
"Colorado State Forest Service - Fort Collins Field Office",15665,1
"Colorado State Forest Service - Fort Collins Field Office",15670,2
"Colorado State Forest Service - Fort Collins Field Office",16002,3
"Colorado State Forest Service - Fort Collins Field Office",16003,4
"Colorado State Forest Service - Fort Collins Field Office",16006,4
"Colorado State Forest Service - Fort Collins Field Office",16007,4
"Colorado State Forest Service - Fort Collins Field Office",16009,3
"Colorado State Forest Service - Fort Collins Field Office",16218,4
"Colorado State Forest Service - Fort Collins Field Office",16219,2
"Colorado State Forest Service - Fort Collins Field Office",16222,3
"Colorado State Forest Service - Fort Collins Field Office",16224,2
"Colorado State Forest Service - Fort Collins Field Office",16361,4
"Colorado State Forest Service - Fort Collins Field Office",16362,3
"Colorado State Forest Service - Fort Collins Field Office",16363,5
"Colorado State Forest Service - Fort Collins Field Office",16364,7
"Colorado State Forest Service - Fort Collins Field Office",16365,4
"Colorado State Forest Service - Fort Collins Field Office",16366,5
"Colorado State Forest Service - Fort Collins Field Office",16367,5
"Colorado State Forest Service - Fort Collins Field Office",16368,4
"Colorado State Forest Service - Fort Collins Field Office",16369,4
"Colorado State Forest Service - Fort Collins Field Office",16370,4
"Colorado State Forest Service - Fort Collins Field Office",16371,4
"Colorado State Forest Service - Fort Collins Field Office",16372,5
"Colorado State Forest Service - Fort Collins Field Office",16694,5
"Colorado State Forest Service - Fort Collins Field Office",16695,4
"Colorado State Forest Service - Fort Collins Field Office",16696,4
"Colorado State Forest Service - Fort Collins Field Office",16697,4
"Colorado State Forest Service - Fort Collins Field Office",16698,5
"Colorado State Forest Service - Fort Collins Field Office",16699,5
"Colorado State Forest Service - Fort Collins Field Office",16700,4
"Colorado State Forest Service - Fort Collins Field Office",16701,5
"Colorado State Forest Service - Fort Collins Field Office",16702,3
"Colorado State Forest Service - Fort Collins Field Office",16703,4
"Colorado State Forest Service - Fort Collins Field Office",16704,4
"Colorado State Forest Service - Fort Collins Field Office",16724,1
"Colorado State Forest Service - Fort Collins Field Office",16726,4
"Colorado State Forest Service - Fort Collins Field Office",16730,3
"Colorado State Forest Service - Fort Collins Field Office",16733,3
"Colorado State Forest Service - Fort Collins Field Office",16769,2
"Colorado State Forest Service - Fort Collins Field Office",17384,4
"Colorado State Forest Service - Fort Collins Field Office",17385,4
"Colorado State Forest Service - Fort Collins Field Office",17386,1
"Colorado State Forest Service - Fort Collins Field Office",17387,2
"Colorado State Forest Service - Fort Collins Field Office",17388,2
"Colorado State Forest Service - Fort Collins Field Office",17390,1
"Colorado State Forest Service - Fort Collins Field Office",17391,1
"Colorado State Forest Service - Fort Collins Field Office",17418,3
"Colorado State Forest Service - Fort Collins Field Office",17421,1
"Colorado State Forest Service - Fort Collins Field Office",17528,1
"Colorado State Forest Service - NE",16003,1
"Colorado State Forest Service - NE",16006,1
"Colorado State Forest Service - NE",16007,1
"Colorado State Forest Service - NE",16009,1
"Colorado State Forest Service - NE",16363,1
"Colorado State Forest Service - NE",16365,1
"Colorado State Forest Service - NE",16366,1
"Colorado State Forest Service - NE",16367,2
"Colorado State Forest Service - NE",16369,1
"Colorado State Forest Service - NE",16370,1
"Colorado State Forest Service - NE",16371,2
"Colorado State Forest Service - NE",16372,1
"Colorado State Forest Service - NE",16695,1
"Colorado State Forest Service - NE",16699,1
"Colorado State Forest Service - NE",16701,1
"Colorado State Forest Service - NE",16704,1
"Colorado State Forest Service - NE",17384,1
"Colorado State Forest Service - NE",17385,1
"Colorado State Forest Service - NE",17386,1
"Colorado State Forest Service - NE",17388,1
"Colorado State Forest Service - NE",17391,1
"Colorado State Forest Service - NE",17392,1
"Colorado State Forest Service - NE",17395,2
"Colorado State Forest Service - NE",17396,2
"Colorado State Forest Service - NE",17421,1
"Colorado State Forest Service - NE",17719,1
"Colorado State Forest Service - NE",17720,2
"Colorado State Forest Service - NE",17721,1
"Colorado State Forest Service - NE",17723,1
"Colorado State Forest Service - NE",17734,1
"Colorado State Forest Service - NE",17735,1
"Colorado State Forest Service - NE",17736,2
"Colorado State Forest Service - NE",17740,1
"Colorado State Forest Service - NE",18490,1
"Colorado State Forest Service - NE",18586,2
"Colorado State Forest Service - NE",18587,1
"Colorado State Forest Service - NE",18588,2
"Colorado State Forest Service - NE",18589,1
"Colorado State Forest Service - NE",18590,1
"Colorado State Forest Service - NE",18591,2
"Colorado State Forest Service - NE",19126,1
"Colorado State Forest Service - NE",19127,1
"Colorado State Forest Service - NE",19505,1
"Colorado State Forest Service - NE",19506,1
"Colorado State Forest Service - NE",19510,1
"Colorado State Forest Service - NE",19686,1
"Colorado State Forest Service - NE",19688,2
"Colorado State Forest Service - NE",19691,1
"Colorado State Forest Service - NE",20259,2
"Colorado State Forest Service - NE",20260,2
"Colorado State Forest Service - NE",20261,2
"Colorado State Forest Service - NE",20263,2
"Colorado State Forest Service - NE",20265,1
"Colorado State Forest Service - NE",20266,1
"Colorado State Forest Service - NE",20267,1
"Colorado State Forest Service: Ft. Collins, Boulder, Golden, Salida, Woodland Park",17720,3
"Colorado State Forest Service: Ft. Collins, Boulder, Golden, Salida, Woodland Park",17721,2
"Colorado State Forest Service: Ft. Collins, Boulder, Golden, Salida, Woodland Park",17723,3
"Colorado State Forest Service: Ft. Collins, Boulder, Golden, Salida, Woodland Park",17724,3
"Colorado State Forest Service: Ft. Collins, Boulder, Golden, Salida, Woodland Park",17734,1
"Colorado State Forest Service: Ft. Collins, Boulder, Golden, Salida, Woodland Park",17736,2
"Colorado State Forest Service: Ft. Collins, Boulder, Golden, Salida, Woodland Park",17738,1
"Colorado State Forest Service: Ft. Collins, Boulder, Golden, Salida, Woodland Park",17739,2
"Colorado State Forest Service: Ft. Collins, Boulder, Golden, Salida, Woodland Park",17740,5
"Colorado State Forest Service: Ft. Collins, Boulder, Golden, Salida, Woodland Park",18040,2
"Colorado State Forest Service: Ft. Collins, Boulder, Golden, Salida, Woodland Park",18042,2
"Colorado State Forest Service: Ft. Collins, Boulder, Golden, Salida, Woodland Park",18485,2
"Colorado State Forest Service: Ft. Collins, Boulder, Golden, Salida, Woodland Park",18486,2
"Colorado State Forest Service: Ft. Collins, Boulder, Golden, Salida, Woodland Park",18489,1
"Colorado State Forest Service: Ft. Collins, Boulder, Golden, Salida, Woodland Park",18490,2
"Colorado State Forest Service: Ft. Collins, Boulder, Golden, Salida, Woodland Park",18584,2
"Colorado State Forest Service: Ft. Collins, Boulder, Golden, Salida, Woodland Park",18585,4
"Colorado State Forest Service: Ft. Collins, Boulder, Golden, Salida, Woodland Park",18586,4
"Colorado State Forest Service: Ft. Collins, Boulder, Golden, Salida, Woodland Park",18587,4
"Colorado State Forest Service: Ft. Collins, Boulder, Golden, Salida, Woodland Park",18588,4
"Colorado State Forest Service: Ft. Collins, Boulder, Golden, Salida, Woodland Park",18589,4
"Colorado State Forest Service: Ft. Collins, Boulder, Golden, Salida, Woodland Park",18590,5
"Colorado State Forest Service: Ft. Collins, Boulder, Golden, Salida, Woodland Park",18591,4
"Colorado State Forest Service: Ft. Collins, Boulder, Golden, Salida, Woodland Park",18592,2
"Colorado State Forest Service: Ft. Collins, Boulder, Golden, Salida, Woodland Park",18593,3
"Colorado State Forest Service: Ft. Collins, Boulder, Golden, Salida, Woodland Park",18594,5
"Colorado State Forest Service: Ft. Collins, Boulder, Golden, Salida, Woodland Park",18595,4
"Colorado State Forest Service: Ft. Collins, Boulder, Golden, Salida, Woodland Park",18608,1
"Colorado State Forest Service: Ft. Collins, Boulder, Golden, Salida, Woodland Park",18612,1
"Colorado State Forest Service: Ft. Collins, Boulder, Golden, Salida, Woodland Park",19064,2
"Colorado State Forest Service: Ft. Collins, Boulder, Golden, Salida, Woodland Park",19065,3
"Colorado State Forest Service: Ft. Collins, Boulder, Golden, Salida, Woodland Park",19066,2
"Colorado State Forest Service: Ft. Collins, Boulder, Golden, Salida, Woodland Park",19068,2
"Colorado State Forest Service: Ft. Collins, Boulder, Golden, Salida, Woodland Park",19071,1
"Colorado State Forest Service: Ft. Collins, Boulder, Golden, Salida, Woodland Park",19126,2
"Colorado State Forest Service: Ft. Collins, Boulder, Golden, Salida, Woodland Park",19127,1
"Colorado State Forest Service: Ft. Collins, Boulder, Golden, Salida, Woodland Park",19130,1
"Colorado State Forest Service: Ft. Collins, Boulder, Golden, Salida, Woodland Park",19131,1
"Colorado State Forest Service: Ft. Collins, Boulder, Golden, Salida, Woodland Park",19132,1
"Colorado State Forest Servicepie",15501,1
"Colorado State Forest Servicepie",15502,1
"Colorado State Forest Servicepie",15503,1
"Colorado State Forest Servicepie",15504,1
"Colorado State Forest Servicepie",15505,2
"Colorado State Forest Servicepie",15506,2
"Colorado State Forest Servicepie",15564,1
"Colorado State Forest Servicepie",16002,2
"Colorado State Forest Servicepie",16003,4
"Colorado State Forest Servicepie",16006,2
"Colorado State Forest Servicepie",16007,3
"Colorado State Forest Servicepie",16009,2
"Colorado State Forest Servicepie",16218,2
"Colorado State Forest Servicepie",16219,1
"Colorado State Forest Servicepie",16222,3
"Colorado State Forest Servicepie",16224,2
"Colorado State Forest Servicepie",16361,1
"Colorado State Forest Servicepie",16362,3
"Colorado State Forest Servicepie",16363,4
"Colorado State Forest Servicepie",16364,2
"Colorado State Forest Servicepie",16365,3
"Colorado State Forest Servicepie",16366,4
"Colorado State Forest Servicepie",16367,3
"Colorado State Forest Servicepie",16368,3
"Colorado State Forest Servicepie",16369,4
"Colorado State Forest Servicepie",16370,5
"Colorado State Forest Servicepie",16371,4
"Colorado State Forest Servicepie",16372,2
"Colorado State Forest Servicepie",16694,4
"Colorado State Forest Servicepie",16695,4
"Colorado State Forest Servicepie",16696,5
"Colorado State Forest Servicepie",16697,4
"Colorado State Forest Servicepie",16698,3
"Colorado State Forest Servicepie",16699,4
"Colorado State Forest Servicepie",16700,5
"Colorado State Forest Servicepie",16701,4
"Colorado State Forest Servicepie",16702,4
"Colorado State Forest Servicepie",16703,3
"Colorado State Forest Servicepie",16704,3
"Colorado State Forest Servicepie",16724,1
"Colorado State Forest Servicepie",16726,1
"Colorado State Forest Servicepie",16730,2
"Colorado State Forest Servicepie",16733,1
"Colorado State Forest Servicepie",16769,1
"Colorado State Forest Servicepie",17384,4
"Colorado State Forest Servicepie",17385,2
"Colorado State Forest Servicepie",17386,5
"Colorado State Forest Servicepie",17387,3
"Colorado State Forest Servicepie",17388,4
"Colorado State Forest Servicepie",17389,3
"Colorado State Forest Servicepie",17390,2
"Colorado State Forest Servicepie",17391,3
"Colorado State Forest Servicepie",17392,4
"Colorado State Forest Servicepie",17393,4
"Colorado State Forest Servicepie",17394,2
"Colorado State Forest Servicepie",17395,2
"Colorado State Forest Servicepie",17396,4
"Colorado State Forest Servicepie",17418,2
"Colorado State Forest Servicepie",17421,1
"Colorado State Forest Servicepie",17427,1
"Colorado State Forest Servicepie",17528,2
"Colorado State Forest Servicepie",17529,1
"Colorado State Forest Servicepie",17717,3
"Colorado State Forest Servicepie",17719,4
"Colorado State Forest Servicepie",17720,4
"Colorado State Forest Servicepie",17721,3
"Colorado State Forest Servicepie",17723,4
"Colorado State Forest Servicepie",17724,3
"Colorado State Forest Servicepie",17734,2
"Colorado State Forest Servicepie",17735,2
"Colorado State Forest Servicepie",17736,3
"Colorado State Forest Servicepie",17737,1
"Colorado State Forest Servicepie",17738,2
"Colorado State Forest Servicepie",17739,3
"Colorado State Forest Servicepie",17740,4
"Colorado State Forest Servicepie",17741,1
"Colorado State Forest Servicepie",17802,1
"Colorado State Forest Servicepie",18037,1
"Colorado State Forest Servicepie",18040,1
"Colorado State Forest Servicepie",18041,2
"Colorado State Forest Servicepie",18042,3
"Colorado State Forest Servicepie",18485,3
"Colorado State Forest Servicepie",18486,2
"Colorado State Forest Servicepie",18487,2
"Colorado State Forest Servicepie",18488,1
"Colorado State Forest Servicepie",18489,3
"Colorado State Forest Servicepie",18490,3
"Colorado State Forest Servicepie",18491,3
"Colorado State Forest Servicepie",18493,3
"Colorado State Forest Servicepie",18584,4
"Colorado State Forest Servicepie",18585,4
"Colorado State Forest Servicepie",18586,5
"Colorado State Forest Servicepie",18587,4
"Colorado State Forest Servicepie",18588,3
"Colorado State Forest Servicepie",18589,5
"Colorado State Forest Servicepie",18590,3
"Colorado State Forest Servicepie",18591,5
"Colorado State Forest Servicepie",18592,4
"Colorado State Forest Servicepie",18593,3
"Colorado State Forest Servicepie",18594,4
"Colorado State Forest Servicepie",18595,4
"Colorado State Forest Servicepie",18608,2
"Colorado State Forest Servicepie",18609,1
"Colorado State Forest Servicepie",18612,4
"Colorado State Forest Servicepie",18613,3
"Colorado State Forest Servicepie",18614,1
"Colorado State Forest Servicepie",18615,1
"Colorado State Forest Servicepie",18629,1
"Colorado State Forest Servicepie",19064,3
"Colorado State Forest Servicepie",19065,4
"Colorado State Forest Servicepie",19066,1
"Colorado State Forest Servicepie",19068,2
"Colorado State Forest Servicepie",19070,1
"Colorado State Forest Servicepie",19071,1
"Colorado State Forest Servicepie",19115,1
"Colorado State Forest Servicepie",19118,4
"Colorado State Forest Servicepie",19122,3
"Colorado State Forest Servicepie",19125,1
"Colorado State Forest Servicepie",19126,3
"Colorado State Forest Servicepie",19127,4
"Colorado State Forest Servicepie",19128,5
"Colorado State Forest Servicepie",19129,5
"Colorado State Forest Servicepie",19130,4
"Colorado State Forest Servicepie",19131,4
"Colorado State Forest Servicepie",19132,2
"Colorado State Forest Servicepie",19133,4
"Colorado State Forest Servicepie",19134,5
"Colorado State Forest Servicepie",19135,3
"Colorado State Forest Servicepie",19136,2
"Colorado State Forest Servicepie",19502,3
"Colorado State Forest Servicepie",19503,4
"Colorado State Forest Servicepie",19504,2
"Colorado State Forest Servicepie",19505,2
"Colorado State Forest Servicepie",19506,1
"Colorado State Forest Servicepie",19507,1
"Colorado Water Conservation Board",15499,1
"Colorado Water Conservation Board",15501,3
"Colorado Water Conservation Board",15502,3
"Colorado Water Conservation Board",15503,3
"Colorado Water Conservation Board",15504,2
"Colorado Water Conservation Board",15505,4
"Colorado Water Conservation Board",15506,5
"Colorado Water Conservation Board",15562,1
"Colorado Water Conservation Board",15564,2
"Colorado Water Conservation Board",15665,2
"Colorado Water Conservation Board",15670,1
"Colorado Water Conservation Board",16002,3
"Colorado Water Conservation Board",16003,5
"Colorado Water Conservation Board",16006,3
"Colorado Water Conservation Board",16007,4
"Colorado Water Conservation Board",16009,3
"Colorado Water Conservation Board",16218,2
"Colorado Water Conservation Board",16219,1
"Colorado Water Conservation Board",16222,4
"Colorado Water Conservation Board",16224,2
"Colorado Water Conservation Board",16361,3
"Colorado Water Conservation Board",16362,3
"Colorado Water Conservation Board",16363,5
"Colorado Water Conservation Board",16364,4
"Colorado Water Conservation Board",16365,7
"Colorado Water Conservation Board",16366,6
"Colorado Water Conservation Board",16367,4
"Colorado Water Conservation Board",16368,4
"Colorado Water Conservation Board",16369,4
"Colorado Water Conservation Board",16370,5
"Colorado Water Conservation Board",16371,5
"Colorado Water Conservation Board",16372,4
"Colorado Water Conservation Board",16694,3
"Colorado Water Conservation Board",16695,6
"Colorado Water Conservation Board",16696,4
"Colorado Water Conservation Board",16697,4
"Colorado Water Conservation Board",16698,4
"Colorado Water Conservation Board",16699,4
"Colorado Water Conservation Board",16700,6
"Colorado Water Conservation Board",16701,5
"Colorado Water Conservation Board",16702,3
"Colorado Water Conservation Board",16703,5
"Colorado Water Conservation Board",16704,6
"Colorado Water Conservation Board",16724,2
"Colorado Water Conservation Board",16726,4
"Colorado Water Conservation Board",16730,1
"Colorado Water Conservation Board",16733,1
"Colorado Water Conservation Board",16769,3
"Colorado Water Conservation Board",17384,6
"Colorado Water Conservation Board",17385,3
"Colorado Water Conservation Board",17386,5
"Colorado Water Conservation Board",17387,4
"Colorado Water Conservation Board",17388,4
"Colorado Water Conservation Board",17389,4
"Colorado Water Conservation Board",17390,1
"Colorado Water Conservation Board",17391,4
"Colorado Water Conservation Board",17392,4
"Colorado Water Conservation Board",17393,1
"Colorado Water Conservation Board",17395,3
"Colorado Water Conservation Board",17396,3
"Colorado Water Conservation Board",17418,2
"Colorado Water Conservation Board",17421,2
"Colorado Water Conservation Board",17427,1
"Colorado Water Conservation Board",17428,2
"Colorado Water Conservation Board",17528,2
"Colorado Water Conservation Board",17719,3
"Colorado Water Conservation Board",17720,2
"Colorado Water Conservation Board",17721,1
"Colorado Water Conservation Board",17723,3
"Colorado Water Conservation Board",17724,2
"Colorado Water Conservation Board",17734,4
"Colorado Water Conservation Board",17735,2
"Colorado Water Conservation Board",17736,5
"Colorado Water Conservation Board",17737,1
"Colorado Water Conservation Board",17738,2
"Colorado Water Conservation Board",17739,3
"Colorado Water Conservation Board",17740,5
"Colorado Water Conservation Board",17741,1
"Colorado Water Conservation Board",17802,1
"Colorado Water Conservation Board",18584,1
"Colorado Water Conservation Board",18585,1
"Colorado Water Conservation Board",18586,2
"Colorado Water Conservation Board",18590,1
"Colorado Water Conservation Board",18591,1
"Colorado Water Conservation Board",18593,1
"Colorado Water Conservation Board",18594,1
"Colorado Water Conservation Board",18595,1
"Colorado Water Conservation Board",18608,1
"Colorado Water Conservation Board",19126,1
"Colorado Water Conservation Board",19505,1
"Colorado Water Conservation Board",19508,1
"Colorado Water Conservation Board",19510,2
"Colorado Water Conservation Board",19687,2
"Colorado Water Conservation Board",19688,2
"Colorado Water Conservation Board",19689,1
"Colorado Water Conservation Board",19690,3
"Colorado Water Conservation Board",19691,2
"Colorado Water Conservation Board",19692,3
"Colorado Water Conservation Board",19693,2
"Colorado Water Conservation Board",20065,1
"Colorado Water Conservation Board",20067,1
"Colorado Water Conservation Board",20259,1
"Colorado Water Conservation Board",20260,1
"Douglas County Office of Emergency Management",18486,1
"Douglas County Office of Emergency Management",18487,2
"Douglas County Office of Emergency Management",18488,1
"Douglas County Office of Emergency Management",18489,4
"Douglas County Office of Emergency Management",18490,2
"Douglas County Office of Emergency Management",18491,3
"Douglas County Office of Emergency Management",18493,5
"Douglas County Office of Emergency Management",19115,2
"Douglas County Office of Emergency Management",19118,3
"Douglas County Office of Emergency Management",19122,1
"Douglas County Office of Emergency Management",19126,2
"Douglas County Office of Emergency Management",19127,5
"Douglas County Office of Emergency Management",19128,5
"Douglas County Office of Emergency Management",19129,6
"Douglas County Office of Emergency Management",19130,2
"Douglas County Office of Emergency Management",19131,3
"Douglas County Office of Emergency Management",19132,1
"Douglas County Office of Emergency Management",19133,3
"Douglas County Office of Emergency Management",19134,5
"Douglas County Office of Emergency Management",19135,2
"Douglas County Office of Emergency Management",19136,1
"Douglas County Office of Emergency Management",19502,2
"Douglas County Office of Emergency Management",19503,3
"Douglas County Office of Emergency Management",19504,1
"Douglas County Office of Emergency Management",19505,1
"Elk Creek Fire Protection District",18490,1
"Elk Creek Fire Protection District",18590,2
"Elk Creek Fire Protection District",18591,2
"Elk Creek Fire Protection District",18594,1
"Estes Valley Fire District",16698,2
"Estes Valley Fire District",16699,2
"Estes Valley Fire District",16726,2
"Estes Valley Fire District",16730,2
"Estes Valley Fire District",17385,2
"Estes Valley Land Trust",16372,1
"Estes Valley Land Trust",16695,2
"Estes Valley Land Trust",16696,1
"Estes Valley Land Trust",16697,2
"Estes Valley Land Trust",16698,3
"Estes Valley Land Trust",16699,5
"Estes Valley Land Trust",16700,2
"Estes Valley Land Trust",16701,4
"Estes Valley Land Trust",16704,2
"Estes Valley Land Trust",16726,2
"Estes Valley Land Trust",16730,2
"Estes Valley Land Trust",16733,2
"Estes Valley Land Trust",17384,5
"Estes Valley Land Trust",17385,3
"Estes Valley Land Trust",17386,4
"Estes Valley Land Trust",17387,1
"Estes Valley Land Trust",17388,4
"Estes Valley Land Trust",17389,1
"Estes Valley Land Trust",17391,2
"Estes Valley Land Trust",17392,2
"Estes Valley Land Trust",17418,3
"Estes Valley Land Trust",17421,1
"Estes Valley Watershed Coalition",16699,5
"Estes Valley Watershed Coalition",16730,2
"Estes Valley Watershed Coalition",17385,2
"Evergreen Fire",17723,1
"Evergreen Fire",17740,4
"Evergreen Fire",18584,2
"Evergreen Fire",18586,15
"Fire Adapted Colorado",16696,1
"Fire Adapted Colorado",16700,1
"Fire Adapted Colorado",16702,1
"Fire Adapted Colorado",16703,1
"Fire Adapted Colorado",16769,1
"Fire Adapted Colorado",17389,1
"Fire Adapted Colorado",17392,1
"Fire Adapted Colorado",17393,2
"Fire Adapted Colorado",17394,2
"Fire Adapted Colorado",17396,1
"Fire Adapted Colorado",17717,2
"Fire Adapted Colorado",17719,1
"Fire Adapted Colorado",17720,1
"Fire Adapted Colorado",17721,2
"Fire Adapted Colorado",17723,4
"Fire Adapted Colorado",17724,5
"Fire Adapted Colorado",17740,1
"Fire Adapted Colorado",18037,1
"Fire Adapted Colorado",18040,3
"Fire Adapted Colorado",18042,1
"Fire Adapted Colorado",18485,1
"Fire Adapted Colorado",18585,3
"Fire Adapted Colorado",18586,2
"Fire Adapted Colorado",18587,1
"Fire Adapted Colorado",18588,2
"Fort Collins Natural Areas Dept",16222,1
"Fort Collins Natural Areas Dept",16368,1
"Fort Collins Natural Areas Dept",16696,1
"Genesee Fire Protection District",17723,2
"Genesee Fire Protection District",18585,2
"Jefferson County Open Space",18586,8
"Larimer Conservation District",15501,1
"Larimer Conservation District",15503,3
"Larimer Conservation District",15505,1
"Larimer Conservation District",15506,3
"Larimer Conservation District",15562,2
"Larimer Conservation District",15563,1
"Larimer Conservation District",15564,1
"Larimer Conservation District",16003,2
"Larimer Conservation District",16007,1
"Larimer Conservation District",16361,3
"Larimer Conservation District",16362,6
"Larimer Conservation District",16363,6
"Larimer Conservation District",16364,3
"Larimer Conservation District",16365,4
"Larimer Conservation District",16366,3
"Larimer Conservation District",16367,4
"Larimer Conservation District",16369,1
"Larimer Conservation District",16370,1
"Larimer Conservation District",16371,3
"Larimer Conservation District",16372,1
"Larimer Conservation District",16696,1
"Larimer Conservation District",16697,1
"Larimer Conservation District",16698,3
"Larimer Conservation District",16699,5
"Larimer Conservation District",16700,1
"Larimer Conservation District",16701,3
"Larimer Conservation District",16704,1
"Larimer Conservation District",16726,3
"Larimer Conservation District",16730,2
"Larimer Conservation District",16733,1
"Larimer Conservation District",17384,2
"Larimer Conservation District",17385,2
"Larimer County",15499,3
"Larimer County",15501,4
"Larimer County",15502,4
"Larimer County",15503,5
"Larimer County",15504,3
"Larimer County",15505,3
"Larimer County",15506,5
"Larimer County",15562,5
"Larimer County",15563,3
"Larimer County",15564,3
"Larimer County",15665,2
"Larimer County",16002,2
"Larimer County",16003,3
"Larimer County",16006,2
"Larimer County",16007,4
"Larimer County",16009,2
"Larimer County",16218,3
"Larimer County",16219,1
"Larimer County",16222,3
"Larimer County",16224,1
"Larimer County",16361,3
"Larimer County",16362,4
"Larimer County",16363,5
"Larimer County",16364,4
"Larimer County",16365,4
"Larimer County",16366,5
"Larimer County",16367,5
"Larimer County",16368,5
"Larimer County",16369,5
"Larimer County",16370,4
"Larimer County",16371,4
"Larimer County",16372,2
"Larimer County",16694,3
"Larimer County",16695,8
"Larimer County",16696,4
"Larimer County",16697,5
"Larimer County",16698,8
"Larimer County",16699,2
"Larimer County",16700,4
"Larimer County",16701,3
"Larimer County",16702,4
"Larimer County",16703,2
"Larimer County",16704,1
"Larimer County",16724,4
"Larimer County",16726,2
"Larimer County",16730,1
"Larimer County",16769,3
"Larimer County",17384,1
"Larimer County",17528,1
"Larimer County Conservation Corps",16367,1
"Larimer County Conservation Corps",16697,1
"Larimer County Conservation Corps",16726,1
"Larimer County Conservation Corps",17386,1
"Larimer County Conservation Corps",17395,1
"Larimer County Conservation Corps",17735,1
"Larimer County DNR, OEM, Sherriff's Office",16218,1
"Larimer County DNR, OEM, Sherriff's Office",16219,1
"Larimer County DNR, OEM, Sherriff's Office",16222,2
"Larimer County DNR, OEM, Sherriff's Office",16224,3
"Larimer County DNR, OEM, Sherriff's Office",16363,1
"Larimer County DNR, OEM, Sherriff's Office",16364,2
"Larimer County DNR, OEM, Sherriff's Office",16365,1
"Larimer County DNR, OEM, Sherriff's Office",16366,3
"Larimer County DNR, OEM, Sherriff's Office",16367,1
"Larimer County DNR, OEM, Sherriff's Office",16368,1
"Larimer County DNR, OEM, Sherriff's Office",16369,1
"Larimer County DNR, OEM, Sherriff's Office",16370,3
"Larimer County DNR, OEM, Sherriff's Office",16372,1
"Larimer County DNR, OEM, Sherriff's Office",16694,4
"Larimer County DNR, OEM, Sherriff's Office",16695,1
"Larimer County DNR, OEM, Sherriff's Office",16696,10
"Larimer County DNR, OEM, Sherriff's Office",16697,2
"Larimer County DNR, OEM, Sherriff's Office",16699,2
"Larimer County DNR, OEM, Sherriff's Office",16700,7
"Larimer County DNR, OEM, Sherriff's Office",16701,5
"Larimer County DNR, OEM, Sherriff's Office",16702,4
"Larimer County DNR, OEM, Sherriff's Office",16703,3
"Larimer County DNR, OEM, Sherriff's Office",16704,2
"Larimer County DNR, OEM, Sherriff's Office",16769,1
"Larimer County DNR, OEM, Sherriff's Office",17384,1
"Larimer County DNR, OEM, Sherriff's Office",17385,1
"Larimer County Office of Emergency Management",16366,2
"Larimer County Office of Emergency Management",16367,1
"Larimer County Office of Emergency Management",16369,2
"Larimer County Office of Emergency Management",16370,2
"Larimer County Office of Emergency Management",16371,2
"Larimer County Office of Emergency Management",16372,2
"Larimer County Office of Emergency Management",16694,1
"Larimer County Office of Emergency Management",16695,1
"Lefthand Fire Protection District",16703,1
"Lefthand Fire Protection District",16704,1
"Lefthand Fire Protection District",17384,1
"Lefthand Fire Protection District",17386,2
"Lefthand Fire Protection District",17387,1
"Lefthand Fire Protection District",17388,1
"Lefthand Fire Protection District",17389,2
"Lefthand Fire Protection District",17391,1
"Lefthand Fire Protection District",17392,1
"Lefthand Fire Protection District",17393,1
"Lefthand Fire Protection District",17396,1
"Longmont and Boulder Valley Conservation Districts",16699,1
"Longmont and Boulder Valley Conservation Districts",16700,1
"Longmont and Boulder Valley Conservation Districts",16703,2
"Longmont and Boulder Valley Conservation Districts",16704,1
"Longmont and Boulder Valley Conservation Districts",16730,1
"Longmont and Boulder Valley Conservation Districts",16733,1
"Longmont and Boulder Valley Conservation Districts",17384,2
"Longmont and Boulder Valley Conservation Districts",17385,2
"Longmont and Boulder Valley Conservation Districts",17386,3
"Longmont and Boulder Valley Conservation Districts",17387,3
"Longmont and Boulder Valley Conservation Districts",17388,2
"Longmont and Boulder Valley Conservation Districts",17389,2
"Longmont and Boulder Valley Conservation Districts",17390,3
"Longmont and Boulder Valley Conservation Districts",17391,2
"Longmont and Boulder Valley Conservation Districts",17392,2
"Longmont and Boulder Valley Conservation Districts",17393,1
"Longmont and Boulder Valley Conservation Districts",17394,2
"Longmont and Boulder Valley Conservation Districts",17395,2
"Longmont and Boulder Valley Conservation Districts",17396,2
"Longmont and Boulder Valley Conservation Districts",17418,3
"Longmont and Boulder Valley Conservation Districts",17421,1
"Longmont and Boulder Valley Conservation Districts",17427,1
"Longmont and Boulder Valley Conservation Districts",17528,3
"Longmont and Boulder Valley Conservation Districts",17529,1
"Longmont and Boulder Valley Conservation Districts",17717,1
"Longmont and Boulder Valley Conservation Districts",17719,1
"Longmont and Boulder Valley Conservation Districts",17734,1
"Longmont and Boulder Valley Conservation Districts",17735,1
"Longmont and Boulder Valley Conservation Districts",17736,1
"Municipalities-incorporated and unicorporated",17393,1
"Municipalities-incorporated and unicorporated",17394,1
"Municipalities-incorporated and unicorporated",17717,1
"Natural Resources Conservation Service (NRCS)",16704,2
"Natural Resources Conservation Service (NRCS)",17384,1
"Natural Resources Conservation Service (NRCS)",17392,2
"Natural Resources Conservation Service (NRCS)",17396,2
"Natural Resources Conservation Service (NRCS)",17418,2
"Natural Resources Conservation Service (NRCS)",17719,3
"Natural Resources Conservation Service (NRCS)",17723,3
"Natural Resources Conservation Service (NRCS)",17734,2
"Natural Resources Conservation Service (NRCS)",18585,8
"Natural Resources Conservation Service (NRCS)",18587,2
"Natural Resources Conservation Service (NRCS)",18591,1
"Northern Water",16222,3
"Northern Water",16224,3
"Northern Water",16368,1
"Northern Water",16370,1
"Northern Water",16694,3
"Northern Water",16696,4
"Northern Water",16697,3
"Northern Water",16698,3
"Northern Water",16699,5
"Northern Water",16700,7
"Northern Water",16701,6
"Northern Water",16702,3
"Northern Water",16703,2
"Northern Water",16704,2
"Northern Water",16726,2
"Northern Water",16730,2
"Northern Water",16769,1
"Northern Water",17385,1
"Peaks to People Water Fund",16218,1
"Peaks to People Water Fund",16361,2
"Peaks to People Water Fund",16362,1
"Peaks to People Water Fund",16363,1
"Peaks to People Water Fund",16364,1
"Peaks to People Water Fund",16366,1
"Peaks to People Water Fund",16367,1
"Peaks to People Water Fund",16368,1
"Peaks to People Water Fund",16696,1
"Peaks to People Water Fund",16697,3
"Peaks to People Water Fund",16698,2
"Peaks to People Water Fund",16699,4
"Peaks to People Water Fund",16700,3
"Peaks to People Water Fund",16701,3
"Peaks to People Water Fund",16702,1
"Peaks to People Water Fund",16726,1
"Peaks to People Water Fund",16730,1
"Peaks to People Water Fund",17385,1
"Pike - San Isabel National Forest",19070,2
"Pike - San Isabel National Forest",19074,10
"Pike - San Isabel National Forest",19485,6
"Pike - San Isabel National Forest",19684,5
"Pike - San Isabel National Forest",19685,24
"Pike - San Isabel National Forest",19687,1
"Pike - San Isabel National Forest",19689,8
"Pike - San Isabel National Forest",19690,29
"Pike - San Isabel National Forest",19692,3
"Pike - San Isabel National Forest",19693,7
"Poudre Canyon Fire Protection District",16006,1
"Poudre Canyon Fire Protection District",16007,2
"Poudre Canyon Fire Protection District",16365,1
"Poudre Canyon Fire Protection District",16366,1
"Poudre Canyon Fire Protection District",16367,2
"Poudre Canyon Fire Protection District",16368,1
"Poudre Canyon Fire Protection District",16369,2
"Poudre Canyon Fire Protection District",16370,1
"Poudre Canyon Fire Protection District",16371,2
"Poudre Canyon Fire Protection District",16372,1
"Poudre Canyon Fire Protection District",16695,1
"Poudre Canyon Fire Protection District",16724,1
"Rocky Mountain Restoration Institute",18042,1
"Rocky Mountain Restoration Institute",18485,1
"Rocky Mountain Restoration Institute",18486,1
"Rocky Mountain Restoration Institute",18487,1
"Rocky Mountain Restoration Institute",18489,2
"Rocky Mountain Restoration Institute",18490,4
"Rocky Mountain Restoration Institute",18491,1
"Rocky Mountain Restoration Institute",18493,2
"Rocky Mountain Restoration Institute",18584,1
"Rocky Mountain Restoration Institute",18585,1
"Rocky Mountain Restoration Institute",18586,2
"Rocky Mountain Restoration Institute",18587,3
"Rocky Mountain Restoration Institute",18588,3
"Rocky Mountain Restoration Institute",18589,2
"Rocky Mountain Restoration Institute",18590,2
"Rocky Mountain Restoration Institute",18591,2
"Rocky Mountain Restoration Institute",18592,2
"Rocky Mountain Restoration Institute",18593,2
"Rocky Mountain Restoration Institute",18594,3
"Rocky Mountain Restoration Institute",18595,2
"Rocky Mountain Restoration Institute",18612,1
"Rocky Mountain Restoration Institute",18615,1
"Rocky Mountain Restoration Institute",19064,2
"Rocky Mountain Restoration Institute",19065,1
"Rocky Mountain Restoration Institute",19066,1
"Rocky Mountain Restoration Institute",19067,1
"Rocky Mountain Restoration Institute",19068,2
"Rocky Mountain Restoration Institute",19070,1
"Rocky Mountain Restoration Institute",19071,2
"Rocky Mountain Restoration Institute",19073,1
"Rocky Mountain Restoration Institute",19074,1
"Rocky Mountain Restoration Institute",19075,1
"Rocky Mountain Restoration Institute",19115,1
"Rocky Mountain Restoration Institute",19118,1
"Rocky Mountain Restoration Institute",19126,2
"Rocky Mountain Restoration Institute",19127,3
"Rocky Mountain Restoration Institute",19128,3
"Rocky Mountain Restoration Institute",19129,1
"Rocky Mountain Restoration Institute",19130,3
"Rocky Mountain Restoration Institute",19131,1
"Rocky Mountain Restoration Institute",19132,2
"Rocky Mountain Restoration Institute",19133,1
"Rocky Mountain Restoration Institute",19134,2
"Rocky Mountain Restoration Institute",19135,1
"Rocky Mountain Restoration Institute",19136,1
"Southern Rockies Fire Science Network",16222,1
"Southern Rockies Fire Science Network",16224,1
"Southern Rockies Fire Science Network",16363,1
"Southern Rockies Fire Science Network",16366,2
"Southern Rockies Fire Science Network",16367,1
"Southern Rockies Fire Science Network",16368,1
"Southern Rockies Fire Science Network",16369,1
"Southern Rockies Fire Science Network",16370,1
"Southern Rockies Fire Science Network",16371,1
"Southern Rockies Fire Science Network",16694,1
"Southern Rockies Fire Science Network",16695,1
"Southern Rockies Fire Science Network",16696,1
"Southern Rockies Fire Science Network",16700,1
"Southern Rockies Fire Science Network",16702,1
"Southern Rockies Fire Science Network",16703,2
"Southern Rockies Fire Science Network",16769,1
"Southern Rockies Fire Science Network",17387,1
"Southern Rockies Fire Science Network",17389,1
"Southern Rockies Fire Science Network",17390,2
"Southern Rockies Fire Science Network",17392,1
"Southern Rockies Fire Science Network",17393,2
"Southern Rockies Fire Science Network",17394,2
"Southern Rockies Fire Science Network",17396,1
"Southern Rockies Fire Science Network",17528,1
"Southern Rockies Fire Science Network",17529,1
"Southern Rockies Fire Science Network",17717,2
"Southern Rockies Fire Science Network",18037,1
"Southern Rockies Fire Science Network",18040,1
"St. Vrain and Left Hand Water Conservancy District",16699,1
"St. Vrain and Left Hand Water Conservancy District",16703,1
"St. Vrain and Left Hand Water Conservancy District",16704,1
"St. Vrain and Left Hand Water Conservancy District",16733,1
"St. Vrain and Left Hand Water Conservancy District",17384,3
"St. Vrain and Left Hand Water Conservancy District",17385,2
"St. Vrain and Left Hand Water Conservancy District",17386,4
"St. Vrain and Left Hand Water Conservancy District",17387,2
"St. Vrain and Left Hand Water Conservancy District",17388,5
"St. Vrain and Left Hand Water Conservancy District",17389,4
"St. Vrain and Left Hand Water Conservancy District",17390,1
"St. Vrain and Left Hand Water Conservancy District",17391,5
"St. Vrain and Left Hand Water Conservancy District",17392,5
"St. Vrain and Left Hand Water Conservancy District",17393,1
"St. Vrain and Left Hand Water Conservancy District",17395,2
"St. Vrain and Left Hand Water Conservancy District",17396,3
"St. Vrain and Left Hand Water Conservancy District",17418,3
"St. Vrain and Left Hand Water Conservancy District",17421,2
"St. Vrain and Left Hand Water Conservancy District",17427,1
"St. Vrain and Left Hand Water Conservancy District",17528,1
"St. Vrain and Left Hand Water Conservancy District",17529,1
"St. Vrain and Left Hand Water Conservancy District",17734,1
"St. Vrain and Left Hand Water Conservancy District",17735,1
"The Ember Alliance",15501,2
"The Ember Alliance",15502,2
"The Ember Alliance",15503,2
"The Ember Alliance",15504,4
"The Ember Alliance",15505,4
"The Ember Alliance",15506,4
"The Ember Alliance",15562,2
"The Ember Alliance",15563,1
"The Ember Alliance",15564,2
"The Ember Alliance",15665,1
"The Ember Alliance",15670,3
"The Ember Alliance",16002,4
"The Ember Alliance",16003,6
"The Ember Alliance",16006,4
"The Ember Alliance",16007,5
"The Ember Alliance",16009,3
"The Ember Alliance",16218,2
"The Ember Alliance",16219,2
"The Ember Alliance",16222,5
"The Ember Alliance",16224,2
"The Ember Alliance",16361,5
"The Ember Alliance",16362,6
"The Ember Alliance",16363,6
"The Ember Alliance",16364,5
"The Ember Alliance",16365,5
"The Ember Alliance",16366,7
"The Ember Alliance",16367,7
"The Ember Alliance",16368,4
"The Ember Alliance",16369,5
"The Ember Alliance",16370,5
"The Ember Alliance",16371,4
"The Ember Alliance",16372,4
"The Ember Alliance",16694,5
"The Ember Alliance",16695,4
"The Ember Alliance",16696,6
"The Ember Alliance",16697,5
"The Ember Alliance",16698,4
"The Ember Alliance",16699,4
"The Ember Alliance",16700,5
"The Ember Alliance",16701,4
"The Ember Alliance",16702,4
"The Ember Alliance",16703,4
"The Ember Alliance",16704,4
"The Ember Alliance",16724,4
"The Ember Alliance",16726,4
"The Ember Alliance",16730,3
"The Ember Alliance",16733,2
"The Ember Alliance",16769,3
"The Ember Alliance",17384,4
"The Ember Alliance",17385,5
"The Ember Alliance",17386,4
"The Ember Alliance",17387,2
"The Ember Alliance",17388,4
"The Ember Alliance",17389,4
"The Ember Alliance",17390,3
"The Ember Alliance",17391,7
"The Ember Alliance",17392,7
"The Ember Alliance",17393,4
"The Ember Alliance",17394,3
"The Ember Alliance",17395,7
"The Ember Alliance",17396,8
"The Ember Alliance",17418,2
"The Ember Alliance",17421,2
"The Ember Alliance",17427,5
"The Ember Alliance",17428,2
"The Ember Alliance",17528,1
"The Ember Alliance",17717,5
"The Ember Alliance",17719,6
"The Ember Alliance",17720,4
"The Ember Alliance",17721,5
"The Ember Alliance",17723,4
"The Ember Alliance",17724,4
"The Ember Alliance",17734,5
"The Ember Alliance",17735,6
"The Ember Alliance",17736,5
"The Ember Alliance",17737,2
"The Ember Alliance",17738,5
"The Ember Alliance",17739,5
"The Ember Alliance",17740,5
"The Ember Alliance",17741,3
"The Ember Alliance",17797,1
"The Ember Alliance",17799,1
"The Ember Alliance",17802,2
"The Ember Alliance",18040,2
"The Ember Alliance",18485,2
"The Ember Alliance",18584,3
"The Ember Alliance",18585,4
"The Ember Alliance",18586,4
"The Ember Alliance",18587,1
"The Ember Alliance",18588,1
"The Ember Alliance",18589,1
"The Ember Alliance",18590,1
"The Ember Alliance",18592,1
"The Ember Alliance",18593,1
"The Ember Alliance",18606,1
"The Ember Alliance",18608,2
"The Ember Alliance",18612,2
"The Nature Conservancy",15501,1
"The Nature Conservancy",15502,1
"The Nature Conservancy",15504,1
"The Nature Conservancy",15505,1
"The Nature Conservancy",15506,1
"The Nature Conservancy",15665,1
"The Nature Conservancy",16002,1
"The Nature Conservancy",16003,1
"The Nature Conservancy",16006,1
"The Nature Conservancy",16007,1
"The Nature Conservancy",16363,2
"The Nature Conservancy",16364,1
"The Nature Conservancy",16365,1
"The Nature Conservancy",16366,1
"The Nature Conservancy",16367,2
"The Nature Conservancy",16369,1
"The Nature Conservancy",16371,2
"The Nature Conservancy",16372,2
"The Nature Conservancy",16694,1
"The Nature Conservancy",16695,1
"The Nature Conservancy",16696,1
"The Nature Conservancy",16697,2
"The Nature Conservancy",16698,1
"The Nature Conservancy",16699,1
"The Nature Conservancy",16700,1
"The Nature Conservancy",16701,1
"The Nature Conservancy",16702,1
"The Nature Conservancy",16703,1
"The Nature Conservancy",16704,2
"The Nature Conservancy",17384,1
"The Nature Conservancy",17386,1
"The Nature Conservancy",17388,1
"The Nature Conservancy",17389,2
"The Nature Conservancy",17391,2
"The Nature Conservancy",17392,3
"The Nature Conservancy",17393,2
"The Nature Conservancy",17395,1
"The Nature Conservancy",17396,2
"The Nature Conservancy",17427,1
"The Nature Conservancy",17717,2
"The Nature Conservancy",17719,2
"The Nature Conservancy",17723,1
"The Nature Conservancy",17734,1
"The Nature Conservancy",17735,1
"The Nature Conservancy",18485,1
"The Nature Conservancy",18490,1
"The Nature Conservancy",18584,1
"The Nature Conservancy",18585,2
"The Nature Conservancy",18586,3
"The Nature Conservancy",18587,5
"The Nature Conservancy",18588,2
"The Nature Conservancy",18589,5
"The Nature Conservancy",18590,4
"The Nature Conservancy",18591,2
"The Nature Conservancy",18592,2
"The Nature Conservancy",18593,4
"The Nature Conservancy",18594,1
"The Nature Conservancy",18595,2
"The Nature Conservancy",18612,2
"The Nature Conservancy",18613,1
"The Nature Conservancy",19064,1
"The Nature Conservancy",19126,1
"The Watershed Center",16704,3
"The Watershed Center",16730,1
"The Watershed Center",16733,1
"The Watershed Center",17384,4
"The Watershed Center",17385,5
"The Watershed Center",17386,9
"The Watershed Center",17387,7
"The Watershed Center",17388,8
"The Watershed Center",17389,7
"The Watershed Center",17390,6
"The Watershed Center",17391,6
"The Watershed Center",17392,11
"The Watershed Center",17393,8
"The Watershed Center",17394,6
"The Watershed Center",17395,2
"The Watershed Center",17396,7
"The Watershed Center",17418,5
"The Watershed Center",17421,1
"The Watershed Center",17528,2
"The Watershed Center",17529,2
"The Watershed Center",17717,1
"Timberline Fire Protection District",17396,2
"Timberline Fire Protection District",17719,3
"Timberline Fire Protection District",17720,1
"Timberline Fire Protection District",17734,6
"Timberline Fire Protection District",17735,1
"Timberline Fire Protection District",17736,4
"Town of Estes Park",16372,1
"Town of Estes Park",16698,1
"Town of Estes Park",16699,3
"Town of Estes Park",16724,1
"Town of Estes Park",16726,2
"Town of Estes Park",16730,3
"Town of Estes Park",16733,2
"Town of Estes Park",17384,1
"Town of Estes Park",17385,3
"Town of Estes Park",17388,1
"Town of Estes Park",17391,1
"Town of Estes Park",17418,2
"Town of Estes Park",17421,1
"Trihydro Corporation",16699,1
"Trihydro Corporation",17392,1
"U.S. Forest Service",15501,4
"U.S. Forest Service",15502,5
"U.S. Forest Service",15503,6
"U.S. Forest Service",15504,5
"U.S. Forest Service",15505,10
"U.S. Forest Service",15506,12
"U.S. Forest Service",15562,2
"U.S. Forest Service",15563,1
"U.S. Forest Service",15564,2
"U.S. Forest Service",15665,3
"U.S. Forest Service",15670,4
"U.S. Forest Service",16002,7
"U.S. Forest Service",16003,9
"U.S. Forest Service",16006,7
"U.S. Forest Service",16007,11
"U.S. Forest Service",16009,6
"U.S. Forest Service",16218,3
"U.S. Forest Service",16219,1
"U.S. Forest Service",16222,4
"U.S. Forest Service",16224,4
"U.S. Forest Service",16361,6
"U.S. Forest Service",16362,13
"U.S. Forest Service",16363,13
"U.S. Forest Service",16364,6
"U.S. Forest Service",16365,13
"U.S. Forest Service",16366,12
"U.S. Forest Service",16367,14
"U.S. Forest Service",16368,3
"U.S. Forest Service",16369,15
"U.S. Forest Service",16370,11
"U.S. Forest Service",16371,11
"U.S. Forest Service",16372,13
"U.S. Forest Service",16694,8
"U.S. Forest Service",16695,16
"U.S. Forest Service",16696,4
"U.S. Forest Service",16697,11
"U.S. Forest Service",16698,11
"U.S. Forest Service",16699,6
"U.S. Forest Service",16700,6
"U.S. Forest Service",16701,9
"U.S. Forest Service",16702,1
"U.S. Forest Service",16703,1
"U.S. Forest Service",16704,4
"U.S. Forest Service",16724,5
"U.S. Forest Service",16726,6
"U.S. Forest Service",16730,3
"U.S. Forest Service",16733,1
"U.S. Forest Service",16769,2
"U.S. Forest Service",17384,6
"U.S. Forest Service",17385,3
"U.S. Forest Service",17386,7
"U.S. Forest Service",17387,1
"U.S. Forest Service",17388,5
"U.S. Forest Service",17389,2
"U.S. Forest Service",17390,1
"U.S. Forest Service",17391,6
"U.S. Forest Service",17392,6
"U.S. Forest Service",17393,3
"U.S. Forest Service",17394,1
"U.S. Forest Service",17395,6
"U.S. Forest Service",17396,4
"U.S. Forest Service",17418,3
"U.S. Forest Service",17421,4
"U.S. Forest Service",17427,5
"U.S. Forest Service",17428,7
"U.S. Forest Service",17719,3
"U.S. Forest Service",17720,5
"U.S. Forest Service",17721,1
"U.S. Forest Service",17723,3
"U.S. Forest Service",17724,1
"U.S. Forest Service",17734,5
"U.S. Forest Service",17735,8
"U.S. Forest Service",17736,6
"U.S. Forest Service",17737,7
"U.S. Forest Service",17738,8
"U.S. Forest Service",17739,6
"U.S. Forest Service",17740,6
"U.S. Forest Service",17741,5
"U.S. Forest Service",17797,4
"U.S. Forest Service",17799,2
"U.S. Forest Service",17802,3
"U.S. Forest Service",18584,5
"U.S. Forest Service",18585,1
"U.S. Forest Service",18586,4
"U.S. Forest Service",18587,1
"U.S. Forest Service",18589,2
"U.S. Forest Service",18606,1
"U.S. Forest Service",18608,4
"U.S. Forest Service",18609,1
"U.S. Forest Service",18612,2
"U.S. Forest Service ARP",15501,1
"U.S. Forest Service ARP",15502,1
"U.S. Forest Service ARP",15503,2
"U.S. Forest Service ARP",15504,1
"U.S. Forest Service ARP",15505,3
"U.S. Forest Service ARP",15506,3
"U.S. Forest Service ARP",15562,1
"U.S. Forest Service ARP",16002,1
"U.S. Forest Service ARP",16003,1
"U.S. Forest Service ARP",16007,1
"U.S. Forest Service ARP",16009,1
"U.S. Forest Service ARP",16222,2
"U.S. Forest Service ARP",16224,2
"U.S. Forest Service ARP",16361,1
"U.S. Forest Service ARP",16362,4
"U.S. Forest Service ARP",16363,4
"U.S. Forest Service ARP",16364,2
"U.S. Forest Service ARP",16365,3
"U.S. Forest Service ARP",16366,3
"U.S. Forest Service ARP",16367,3
"U.S. Forest Service ARP",16368,1
"U.S. Forest Service ARP",16369,3
"U.S. Forest Service ARP",16370,3
"U.S. Forest Service ARP",16371,3
"U.S. Forest Service ARP",16372,1
"U.S. Forest Service ARP",16694,1
"U.S. Forest Service ARP",16695,3
"U.S. Forest Service ARP",16696,3
"U.S. Forest Service ARP",16697,3
"U.S. Forest Service ARP",16698,3
"U.S. Forest Service ARP",16699,3
"U.S. Forest Service ARP",16700,3
"U.S. Forest Service ARP",16701,4
"U.S. Forest Service ARP",16702,1
"U.S. Forest Service ARP",16703,1
"U.S. Forest Service ARP",16704,2
"U.S. Forest Service ARP",16724,1
"U.S. Forest Service ARP",16726,2
"U.S. Forest Service ARP",16730,2
"U.S. Forest Service ARP",16733,1
"U.S. Forest Service ARP",16769,1
"U.S. Forest Service ARP",17384,2
"U.S. Forest Service ARP",17385,1
"U.S. Forest Service ARP",17386,3
"U.S. Forest Service ARP",17387,2
"U.S. Forest Service ARP",17388,1
"U.S. Forest Service ARP",17389,2
"U.S. Forest Service ARP",17390,1
"U.S. Forest Service ARP",17391,2
"U.S. Forest Service ARP",17392,3
"U.S. Forest Service ARP",17393,1
"U.S. Forest Service ARP",17394,1
"U.S. Forest Service ARP",17395,2
"U.S. Forest Service ARP",17396,2
"U.S. Forest Service ARP",17418,1
"U.S. Forest Service ARP",17421,1
"U.S. Forest Service ARP",17427,1
"U.S. Forest Service ARP",17528,1
"U.S. Forest Service ARP",17717,1
"U.S. Forest Service ARP",17719,1
"U.S. Forest Service ARP",17720,2
"U.S. Forest Service ARP",17721,1
"U.S. Forest Service ARP",17723,2
"U.S. Forest Service ARP",17724,1
"U.S. Forest Service ARP",17734,2
"U.S. Forest Service ARP",17735,1
"U.S. Forest Service ARP",17736,2
"U.S. Forest Service ARP",17738,2
"U.S. Forest Service ARP",17739,2
"U.S. Forest Service ARP",17740,2
"U.S. Forest Service ARP",17741,1
"U.S. Forest Service ARP",18040,1
"U.S. Forest Service ARP",18042,1
"U.S. Forest Service ARP",18485,1
"U.S. Forest Service ARP",18486,2
"U.S. Forest Service ARP",18487,1
"U.S. Forest Service ARP",18489,1
"U.S. Forest Service ARP",18490,1
"U.S. Forest Service ARP",18493,2
"U.S. Forest Service ARP",18584,1
"U.S. Forest Service ARP",18585,2
"U.S. Forest Service ARP",18586,2
"U.S. Forest Service ARP",18587,2
"U.S. Forest Service ARP",18588,3
"U.S. Forest Service ARP",18589,3
"U.S. Forest Service ARP",18590,1
"U.S. Forest Service ARP",18591,2
"U.S. Forest Service ARP",18592,2
"U.S. Forest Service ARP",18593,2
"U.S. Forest Service ARP",18594,2
"U.S. Forest Service ARP",18595,3
"U.S. Forest Service ARP",18608,1
"U.S. Forest Service ARP",18609,1
"U.S. Forest Service ARP",18610,1
"U.S. Forest Service ARP",18612,2
"U.S. Forest Service ARP",18613,3
"U.S. Forest Service ARP",18615,2
"U.S. Forest Service ARP",18629,1
"U.S. Forest Service ARP",18632,1
"U.S. Forest Service ARP",19064,4
"U.S. Forest Service ARP",19065,1
"U.S. Forest Service ARP",19066,1
"U.S. Forest Service ARP",19067,1
"U.S. Forest Service ARP",19068,2
"U.S. Forest Service ARP",19069,2
"U.S. Forest Service ARP",19070,2
"U.S. Forest Service ARP",19071,1
"U.S. Forest Service ARP",19073,1
"U.S. Forest Service ARP",19074,1
"U.S. Forest Service ARP",19115,1
"U.S. Forest Service ARP",19118,1
"U.S. Forest Service ARP",19122,1
"U.S. Forest Service ARP",19126,3
"U.S. Forest Service ARP",19127,3
"U.S. Forest Service ARP",19128,1
"U.S. Forest Service ARP",19129,2
"U.S. Forest Service ARP",19130,2
"U.S. Forest Service ARP",19131,1
"U.S. Forest Service ARP",19132,2
"U.S. Forest Service ARP",19133,1
"U.S. Forest Service ARP",19134,1
"U.S. Forest Service ARP",19484,1
"U.S. Forest Service ARP",19485,1
"U.S. Forest Service ARP",19685,1
"US Forest Service - Arapahoe Roosevelt",15503,4
"US Forest Service - Arapahoe Roosevelt",15505,2
"US Forest Service - Arapahoe Roosevelt",15506,3
"US Forest Service - Arapahoe Roosevelt",15562,2
"US Forest Service - Arapahoe Roosevelt",15563,1
"US Forest Service - Arapahoe Roosevelt",16002,1
"US Forest Service - Arapahoe Roosevelt",16003,4
"US Forest Service - Arapahoe Roosevelt",16361,4
"US Forest Service - Arapahoe Roosevelt",16362,7
"US Forest Service - Arapahoe Roosevelt",16363,4
"US Forest Service - Arapahoe Roosevelt",16364,1
"US Forest Service - Arapahoe Roosevelt",16365,1
"US Forest Service - Arapahoe Roosevelt",16367,1
"US Forest Service - Arapahoe Roosevelt",16695,1
"US Forest Service - Arapahoe Roosevelt",16697,1
"US Forest Service - Arapahoe Roosevelt",16698,4
"US Forest Service - Arapahoe Roosevelt",16699,4
"US Forest Service - Arapahoe Roosevelt",16701,2
"US Forest Service - Arapahoe Roosevelt",16726,1
"USFS",18592,2
"USFS",18593,1
"USFS",18594,3
"USFS",18595,3
"USFS",18612,4
"USFS",19130,3
"USFS ARP - Canyon Lakes Ranger District",15503,2
"USFS ARP - Canyon Lakes Ranger District",15505,12
"USFS ARP - Canyon Lakes Ranger District",15506,12
"USFS ARP - Canyon Lakes Ranger District",16003,17
"USFS ARP - Canyon Lakes Ranger District",16006,1
"USFS ARP - Canyon Lakes Ranger District",16007,1
"USFS ARP - Canyon Lakes Ranger District",16362,5
"USFS ARP - Canyon Lakes Ranger District",16363,3
"USFS ARP - Canyon Lakes Ranger District",16364,1
"USFS ARP - Canyon Lakes Ranger District",16365,3
"USFS ARP - Canyon Lakes Ranger District",16366,1
"USFS ARP - Canyon Lakes Ranger District",16367,2
"USFS ARP - Canyon Lakes Ranger District",16694,1
"USFS ARP - Canyon Lakes Ranger District",16695,1
"USFS ARP - Canyon Lakes Ranger District",16696,1
"USFS ARP - Canyon Lakes Ranger District",16697,1
"USFS ARP - Canyon Lakes Ranger District",16698,2
"USFS ARP - Canyon Lakes Ranger District",16699,2
"USFS ARP - Canyon Lakes Ranger District",16700,2
"USFS ARP - Canyon Lakes Ranger District",16701,5
"USFS ARP - Canyon Lakes Ranger District",16703,1
"USFS ARP - Canyon Lakes Ranger District",16704,1
"USFS ARP - Canyon Lakes Ranger District",16726,1
"USFS ARP - Canyon Lakes Ranger District",16730,1
"USFS ARP - Canyon Lakes Ranger District",17384,4
"USFS ARP - Canyon Lakes Ranger District",17385,4
"USFS ARP - Canyon Lakes Ranger District",17388,2
"USFS ARP - Canyon Lakes Ranger District",17389,1
"USFS ARP - Canyon Lakes Ranger District",17391,1
"USFS ARP - Canyon Lakes Ranger District",17392,1
"USFS ARP - Canyon Lakes Ranger District",17393,1
"USFS ARP - Canyon Lakes Ranger District",17395,1
"USFS ARP - Canyon Lakes Ranger District",17396,1
"USFS ARP - Canyon Lakes Ranger District",17418,1
"United States Forest Service - Pikes Peak Ranger District",19503,2
"United States Forest Service - Pikes Peak Ranger District",19504,4
"United States Forest Service - Pikes Peak Ranger District",19505,5
"United States Forest Service - Pikes Peak Ranger District",19508,3
"United States Forest Service - Pikes Peak Ranger District",19510,2
"Unites States Forest Service",17384,1
"Unites States Forest Service",17385,1
"Unites States Forest Service",17386,1
"Unites States Forest Service",17388,2
"Unites States Forest Service",17389,2
"Unites States Forest Service",17391,3
"Unites States Forest Service",17392,3
"Unites States Forest Service",17393,1
"Unites States Forest Service",17395,2
"Unites States Forest Service",17396,2
"Unites States Forest Service",17418,1
"Unites States Forest Service",17719,1
"Unites States Forest Service",17734,1
"Unites States Forest Service",17735,1
"Upper Clear Creek Watershed Association",17736,3
"Upper Clear Creek Watershed Association",17737,1
"Upper Clear Creek Watershed Association",17738,1
"Upper Clear Creek Watershed Association",17739,1
"Upper Clear Creek Watershed Association",17740,1
"Upper Clear Creek Watershed Association",17741,2
"Upper Clear Creek Watershed Association",18587,1
"Upper Clear Creek Watershed Association",18590,1
"Western Area Power Administration",15503,1
"Western Area Power Administration",15505,2
"Western Area Power Administration",15506,3
"Western Area Power Administration",15562,2
"Western Area Power Administration",15563,1
"Western Area Power Administration",15564,1
"Western Area Power Administration",16002,2
"Western Area Power Administration",16003,3
"Western Area Power Administration",16006,2
"Western Area Power Administration",16007,2
"Western Area Power Administration",16218,1
"Western Area Power Administration",16219,2
"Western Area Power Administration",16222,2
"Western Area Power Administration",16224,3
"Western Area Power Administration",16361,2
"Western Area Power Administration",16362,3
"Western Area Power Administration",16363,2
"Western Area Power Administration",16365,2
"Western Area Power Administration",16368,1
"Western Area Power Administration",16694,1
"Western Area Power Administration",16696,2
"Western Area Power Administration",16697,2
"Western Area Power Administration",16698,2
"Western Area Power Administration",16699,4
"Western Area Power Administration",16700,5
"Western Area Power Administration",16701,5
"Western Area Power Administration",16702,3
"Western Area Power Administration",16703,6
"Western Area Power Administration",16704,7
"Western Area Power Administration",16726,1
"Western Area Power Administration",16730,2
"Western Area Power Administration",16733,2
"Western Area Power Administration",16769,2
"Western Area Power Administration",17384,5
"Western Area Power Administration",17385,3
"Western Area Power Administration",17386,2
"Western Area Power Administration",17387,5
"Western Area Power Administration",17388,1
"Western Area Power Administration",17389,3
"Western Area Power Administration",17390,2
"Western Area Power Administration",17394,1
"Western Area Power Administration",17418,2
"Western Area Power Administration",17421,1
"Western Area Power Administration",17528,3
"Western Area Power Administration",17529,2
"Western Area Power Administration",20073,2
"Western Area Power Administration",20267,2
"Western Area Power Administration",20268,2
"Western Area Power Administration",20269,3
"Western Area Power Administration",20270,2
"Western Area Power Administration",20748,2
"Western Area Power Administration",20749,2
"Western Area Power Administration",20752,1
"WiRe",16698,1
"WiRe",16699,1
"WiRe",16701,1
"WiRe",16726,1
"WiRe",16730,1
"WiRe",17384,1
"WiRe",17385,1
NA,15499,2
NA,15501,5
NA,15502,6
NA,15503,7
NA,15504,4
NA,15505,8
NA,15506,13
NA,15562,4
NA,15564,3
NA,15665,2
NA,16002,7
NA,16003,12
NA,16006,8
NA,16007,15
NA,16009,7
NA,16218,9
NA,16219,7
NA,16222,16
NA,16224,11
NA,16361,8
NA,16362,11
NA,16363,19
NA,16364,11
NA,16365,15
NA,16366,22
NA,16367,24
NA,16368,19
NA,16369,19
NA,16370,22
NA,16371,15
NA,16372,11
NA,16694,19
NA,16695,12
NA,16696,26
NA,16697,21
NA,16698,23
NA,16699,24
NA,16700,29
NA,16701,27
NA,16702,22
NA,16703,23
NA,16704,30
NA,16724,6
NA,16726,14
NA,16730,15
NA,16733,8
NA,16769,16
NA,17384,36
NA,17385,24
NA,17386,42
NA,17387,27
NA,17388,48
NA,17389,49
NA,17390,26
NA,17391,43
NA,17392,69
NA,17393,53
NA,17394,34
NA,17395,42
NA,17396,77
NA,17418,25
NA,17421,21
NA,17427,9
NA,17428,15
NA,17528,13
NA,17529,8
NA,17717,30
NA,17719,60
NA,17720,32
NA,17721,34
NA,17723,52
NA,17724,43
NA,17734,50
NA,17735,29
NA,17736,30
NA,17737,14
NA,17738,25
NA,17739,28
NA,17740,39
NA,17741,16
NA,17797,4
NA,17799,3
NA,17802,6
NA,18037,14
NA,18040,25
NA,18041,19
NA,18042,30
NA,18485,49
NA,18486,38
NA,18487,26
NA,18488,13
NA,18489,36
NA,18490,52
NA,18491,21
NA,18493,34
NA,18584,42
NA,18585,55
NA,18586,44
NA,18587,66
NA,18588,53
NA,18589,48
NA,18590,57
NA,18591,57
NA,18592,55
NA,18593,58
NA,18594,39
NA,18595,42
NA,18606,8
NA,18608,26
NA,18609,21
NA,18610,8
NA,18611,4
NA,18612,38
NA,18613,30
NA,18614,10
NA,18615,27
NA,18629,13
NA,18632,3
NA,19064,36
NA,19065,25
NA,19066,31
NA,19067,12
NA,19068,39
NA,19069,16
NA,19070,24
NA,19071,24
NA,19072,4
NA,19073,24
NA,19074,25
NA,19075,27
NA,19115,15
NA,19118,24
NA,19122,14
NA,19125,6
NA,19126,43
NA,19127,54
NA,19128,37
NA,19129,48
NA,19130,36
NA,19131,32
NA,19132,21
NA,19133,37
NA,19134,43
NA,19135,36
NA,19136,29
NA,19484,10
NA,19485,18
NA,19486,5
NA,19488,7
NA,19491,4
NA,19502,22
NA,19503,43
NA,19504,36
NA,19505,60
NA,19506,43
NA,19507,15
NA,19508,56
NA,19509,40
NA,19510,85
NA,19511,81
NA,19512,37
NA,19684,27
NA,19685,26
NA,19686,36
NA,19687,57
NA,19688,50
NA,19689,22
NA,19690,46
NA,19691,40
NA,19692,32
NA,19693,19
NA,19975,18
NA,19978,15
NA,20065,11
NA,20066,2
NA,20067,20
NA,20071,16
NA,20073,2
NA,20259,58
NA,20260,42
NA,20261,44
NA,20262,34
NA,20263,44
NA,20264,13
NA,20265,30
NA,20266,20
NA,20267,17
NA,20268,9
NA,20269,17
NA,20270,8
NA,20748,5
NA,20749,7
NA,20752,2
